{
  "_data0_shizitong_models_Phi3-mini-128k-instruct": {
    "mean_rv": 0.7537120938301086,
    "mean_subspace_angle": 70.38506164550782,
    "effective_dim_ratio": 0.037760416666666664,
    "mean_cross_probe": 0.503125,
    "aggregate_entanglement": 0.4850363591644499
  },
  "_data0_shizitong_models_Llama-2-7b-chat-hf": {
    "mean_rv": 0.916699868440628,
    "mean_subspace_angle": 72.7270736694336,
    "effective_dim_ratio": 0.017333984375,
    "mean_cross_probe": 0.5068750000000001,
    "aggregate_entanglement": 0.526259321934647
  },
  "_data0_shizitong_models_DeepSeek-R1-Distill-Qwen-14B": {
    "mean_rv": 0.7581566870212555,
    "mean_subspace_angle": 74.65069961547852,
    "effective_dim_ratio": 0.0365234375,
    "mean_cross_probe": 0.52125,
    "aggregate_entanglement": 0.48367025789287355
  }
}