{
  "Q2.5-0.5B": {
    "mean_rv": 0.5368070572614669,
    "mean_subspace_angle": 66.57863731384278,
    "effective_dim_ratio": 0.06138392857142857,
    "mean_cross_probe": 0.56375,
    "aggregate_entanglement": 0.46579012296739075
  },
  "Q2.5-1.5B": {
    "mean_rv": 0.6334633469581604,
    "mean_subspace_angle": 67.23341789245606,
    "effective_dim_ratio": 0.068359375,
    "mean_cross_probe": 0.54625,
    "aggregate_entanglement": 0.47764149884382884
  },
  "Q2.5-7B": {
    "mean_rv": 0.8441221058368683,
    "mean_subspace_angle": 71.90487518310547,
    "effective_dim_ratio": 0.028459821428571428,
    "mean_cross_probe": 0.556875,
    "aggregate_entanglement": 0.5326173067045591
  },
  "Q3-0.6B": {
    "mean_rv": 0.7331829309463501,
    "mean_subspace_angle": 72.70777282714843,
    "effective_dim_ratio": 0.0517578125,
    "mean_cross_probe": 0.5725,
    "aggregate_entanglement": 0.5046402439806197
  },
  "TinyLlama": {
    "mean_rv": 0.6362400154272715,
    "mean_subspace_angle": 72.04346338907878,
    "effective_dim_ratio": 0.02783203125,
    "mean_cross_probe": 0.4937499999999999,
    "aggregate_entanglement": 0.4519812644079879
  },
  "Mistral-7B": {
    "mean_rv": 0.8857827842235565,
    "mean_subspace_angle": 75.91618194580079,
    "effective_dim_ratio": 0.036376953125,
    "mean_cross_probe": 0.49874999999999997,
    "aggregate_entanglement": 0.5014731745918591
  },
  "LLaMA-3.1-8B": {
    "mean_rv": 0.8556368947029114,
    "mean_subspace_angle": 66.608984375,
    "effective_dim_ratio": 0.018798828125,
    "mean_cross_probe": 0.485,
    "aggregate_entanglement": 0.5241845600472557
  },
  "Llama-3.2": {
    "mean_rv": 0.9783084869384766,
    "mean_subspace_angle": 77.74604644775391,
    "effective_dim_ratio": 0.0078125,
    "mean_cross_probe": 0.5025000000000001,
    "aggregate_entanglement": 0.5279127566019695
  },
  "Gemma-2B": {
    "mean_rv": 0.8233652174472809,
    "mean_subspace_angle": 73.38478088378906,
    "effective_dim_ratio": 0.027777777777777776,
    "mean_cross_probe": 0.5925,
    "aggregate_entanglement": 0.541300246351295
  },
  "unsloth_llama-3-8B-Instruct": {
    "mean_rv": 0.8667457163333893,
    "mean_subspace_angle": 67.76433982849122,
    "effective_dim_ratio": 0.019775390625,
    "mean_cross_probe": 0.46875,
    "aggregate_entanglement": 0.5235083041257328
  }
}