{
  "Q2.5-0.5B": {
    "mean_rv": 0.5368070572614669,
    "mean_subspace_angle": 66.57906723022461,
    "effective_dim_ratio": 0.06138392857142857,
    "mean_cross_probe": 0.56375,
    "aggregate_entanglement": 0.465788928755219
  },
  "Q2.5-1.5B": {
    "mean_rv": 0.6334633469581604,
    "mean_subspace_angle": 67.23341255187988,
    "effective_dim_ratio": 0.068359375,
    "mean_cross_probe": 0.54625,
    "aggregate_entanglement": 0.4776415136787627
  },
  "Q2.5-7B": {
    "mean_rv": 0.8441221058368683,
    "mean_subspace_angle": 71.9048858642578,
    "effective_dim_ratio": 0.028459821428571428,
    "mean_cross_probe": 0.556875,
    "aggregate_entanglement": 0.5326172770346914
  },
  "Q3-0.6B": {
    "mean_rv": 0.7331829309463501,
    "mean_subspace_angle": 72.7075210571289,
    "effective_dim_ratio": 0.0517578125,
    "mean_cross_probe": 0.5725,
    "aggregate_entanglement": 0.504640943341785
  },
  "TinyLlama": {
    "mean_rv": 0.6362400154272715,
    "mean_subspace_angle": 72.04145940144856,
    "effective_dim_ratio": 0.02783203125,
    "mean_cross_probe": 0.4937499999999999,
    "aggregate_entanglement": 0.4519868310402941
  },
  "Mistral-7B": {
    "mean_rv": 0.8857827842235565,
    "mean_subspace_angle": 75.91613159179687,
    "effective_dim_ratio": 0.036376953125,
    "mean_cross_probe": 0.49874999999999997,
    "aggregate_entanglement": 0.5014733144640923
  },
  "Llama-3.2": {
    "mean_rv": 0.9783084869384766,
    "mean_subspace_angle": 77.74585418701172,
    "effective_dim_ratio": 0.0078125,
    "mean_cross_probe": 0.5025000000000001,
    "aggregate_entanglement": 0.5279132906595867
  },
  "Gemma-2B": {
    "mean_rv": 0.8233652174472809,
    "mean_subspace_angle": 73.38214263916015,
    "effective_dim_ratio": 0.027777777777777776,
    "mean_cross_probe": 0.5925,
    "aggregate_entanglement": 0.5413075748085976
  }
}