{
  "model": "mistralai_Mistral-7B-Instruct-v0.1",
  "layer": 16,
  "n_traits": 5,
  "rv": {
    "pairwise": {
      "openness-conscientiousness": {
        "rv": 0.8738967776298523
      },
      "openness-extraversion": {
        "rv": 0.9334230422973633
      },
      "openness-agreeableness": {
        "rv": 0.8976938724517822
      },
      "openness-neuroticism": {
        "rv": 0.9235923290252686
      },
      "conscientiousness-extraversion": {
        "rv": 0.8528578281402588
      },
      "conscientiousness-agreeableness": {
        "rv": 0.864689290523529
      },
      "conscientiousness-neuroticism": {
        "rv": 0.889168918132782
      },
      "extraversion-agreeableness": {
        "rv": 0.8483926653862
      },
      "extraversion-neuroticism": {
        "rv": 0.9061803221702576
      },
      "agreeableness-neuroticism": {
        "rv": 0.8679327964782715
      }
    },
    "mean_rv": 0.8857827842235565,
    "max_rv": 0.9334230422973633
  },
  "subspace_angles": {
    "pairwise": {
      "openness-conscientiousness": {
        "mean_angle": 75.8170394897461,
        "min_angle": 60.941444396972656,
        "all_angles": [
          85.76895904541016,
          83.50193786621094,
          79.74267578125,
          69.13019561767578,
          60.941444396972656
        ]
      },
      "openness-extraversion": {
        "mean_angle": 74.01556396484375,
        "min_angle": 57.79606628417969,
        "all_angles": [
          86.997802734375,
          80.19359588623047,
          75.15441131591797,
          69.93592071533203,
          57.79606628417969
        ]
      },
      "openness-agreeableness": {
        "mean_angle": 77.69420623779297,
        "min_angle": 62.963104248046875,
        "all_angles": [
          88.85496520996094,
          83.55609893798828,
          78.18846130371094,
          74.90840148925781,
          62.963104248046875
        ]
      },
      "openness-neuroticism": {
        "mean_angle": 79.38259887695312,
        "min_angle": 68.9388198852539,
        "all_angles": [
          89.2792739868164,
          87.78411102294922,
          80.25840759277344,
          70.65240478515625,
          68.9388198852539
        ]
      },
      "conscientiousness-extraversion": {
        "mean_angle": 75.54060363769531,
        "min_angle": 57.735572814941406,
        "all_angles": [
          87.4670639038086,
          83.83472442626953,
          77.51153564453125,
          71.15413665771484,
          57.735572814941406
        ]
      },
      "conscientiousness-agreeableness": {
        "mean_angle": 74.87317657470703,
        "min_angle": 56.72623062133789,
        "all_angles": [
          88.34358978271484,
          86.0797119140625,
          72.70187377929688,
          70.51447296142578,
          56.72623062133789
        ]
      },
      "conscientiousness-neuroticism": {
        "mean_angle": 72.09776306152344,
        "min_angle": 58.69110107421875,
        "all_angles": [
          86.90363311767578,
          76.09799194335938,
          72.7516860961914,
          66.04441833496094,
          58.69110107421875
        ]
      },
      "extraversion-agreeableness": {
        "mean_angle": 76.04043579101562,
        "min_angle": 61.57878875732422,
        "all_angles": [
          89.42088317871094,
          84.84334564208984,
          77.05123901367188,
          67.30792999267578,
          61.57878875732422
        ]
      },
      "extraversion-neuroticism": {
        "mean_angle": 76.68109130859375,
        "min_angle": 61.921875,
        "all_angles": [
          88.75346374511719,
          86.20240783691406,
          79.56615447998047,
          66.96155548095703,
          61.921875
        ]
      },
      "agreeableness-neuroticism": {
        "mean_angle": 77.01934051513672,
        "min_angle": 63.182830810546875,
        "all_angles": [
          88.34870910644531,
          84.91029357910156,
          79.42375183105469,
          69.23112487792969,
          63.182830810546875
        ]
      }
    },
    "mean_angle": 75.91618194580079,
    "min_angle": 72.09776306152344
  },
  "effective_dim": {
    "combined_effective_dim": 149,
    "total_dims": 4096,
    "variance_ratio": 0.036376953125,
    "explained_variance_top5": [
      0.15683870017528534,
      0.11843542754650116,
      0.08072391152381897,
      0.06983261555433273,
      0.031217524781823158
    ],
    "per_trait_effective_dim": {
      "openness": 41,
      "conscientiousness": 42,
      "extraversion": 40,
      "agreeableness": 46,
      "neuroticism": 41
    },
    "cumulative_variance_at_5": 0.4570481777191162
  },
  "cross_probe": {
    "pairwise": {
      "openness-conscientiousness": {
        "A->B_acc": 0.425,
        "B->A_acc": 0.4125,
        "mean_cross_acc": 0.41874999999999996,
        "within_A_acc": 1.0
      },
      "openness-extraversion": {
        "A->B_acc": 0.9125,
        "B->A_acc": 0.975,
        "mean_cross_acc": 0.94375,
        "within_A_acc": 1.0
      },
      "openness-agreeableness": {
        "A->B_acc": 0.6125,
        "B->A_acc": 0.5,
        "mean_cross_acc": 0.55625,
        "within_A_acc": 1.0
      },
      "openness-neuroticism": {
        "A->B_acc": 0.65,
        "B->A_acc": 0.4,
        "mean_cross_acc": 0.525,
        "within_A_acc": 1.0
      },
      "conscientiousness-extraversion": {
        "A->B_acc": 0.525,
        "B->A_acc": 0.475,
        "mean_cross_acc": 0.5,
        "within_A_acc": 1.0
      },
      "conscientiousness-agreeableness": {
        "A->B_acc": 0.75,
        "B->A_acc": 0.6,
        "mean_cross_acc": 0.675,
        "within_A_acc": 1.0
      },
      "conscientiousness-neuroticism": {
        "A->B_acc": 0.125,
        "B->A_acc": 0.25,
        "mean_cross_acc": 0.1875,
        "within_A_acc": 1.0
      },
      "extraversion-agreeableness": {
        "A->B_acc": 0.65,
        "B->A_acc": 0.55,
        "mean_cross_acc": 0.6000000000000001,
        "within_A_acc": 1.0
      },
      "extraversion-neuroticism": {
        "A->B_acc": 0.275,
        "B->A_acc": 0.1125,
        "mean_cross_acc": 0.19375,
        "within_A_acc": 1.0
      },
      "agreeableness-neuroticism": {
        "A->B_acc": 0.375,
        "B->A_acc": 0.4,
        "mean_cross_acc": 0.3875,
        "within_A_acc": 1.0
      }
    },
    "mean_cross_acc": 0.49874999999999997,
    "max_cross_acc": 0.94375
  },
  "aggregate_entanglement": {
    "rv_score": 0.8857827842235565,
    "angle_score": 0.15648686726888017,
    "ed_score": 0.963623046875,
    "cp_score": 0.0,
    "overall": 0.5014731745918591
  }
}