{
  "model": "Qwen_Qwen3-0.6B",
  "layer": 14,
  "n_traits": 5,
  "rv": {
    "pairwise": {
      "openness-conscientiousness": {
        "rv": 0.7429233193397522
      },
      "openness-extraversion": {
        "rv": 0.8174111843109131
      },
      "openness-agreeableness": {
        "rv": 0.775290310382843
      },
      "openness-neuroticism": {
        "rv": 0.7013092041015625
      },
      "conscientiousness-extraversion": {
        "rv": 0.7601917386054993
      },
      "conscientiousness-agreeableness": {
        "rv": 0.6668189764022827
      },
      "conscientiousness-neuroticism": {
        "rv": 0.6728437542915344
      },
      "extraversion-agreeableness": {
        "rv": 0.7228612899780273
      },
      "extraversion-neuroticism": {
        "rv": 0.7229637503623962
      },
      "agreeableness-neuroticism": {
        "rv": 0.7492157816886902
      }
    },
    "mean_rv": 0.7331829309463501,
    "max_rv": 0.8174111843109131
  },
  "subspace_angles": {
    "pairwise": {
      "openness-conscientiousness": {
        "mean_angle": 75.18408203125,
        "min_angle": 59.50990676879883,
        "all_angles": [
          86.48308563232422,
          83.8632583618164,
          79.9598617553711,
          66.1042709350586,
          59.50990676879883
        ]
      },
      "openness-extraversion": {
        "mean_angle": 70.46398162841797,
        "min_angle": 53.08048629760742,
        "all_angles": [
          85.66938018798828,
          76.04145050048828,
          69.69152069091797,
          67.83711242675781,
          53.08048629760742
        ]
      },
      "openness-agreeableness": {
        "mean_angle": 72.65087127685547,
        "min_angle": 56.67306900024414,
        "all_angles": [
          89.96308135986328,
          79.80493927001953,
          70.68470001220703,
          66.1285629272461,
          56.67306900024414
        ]
      },
      "openness-neuroticism": {
        "mean_angle": 75.4544677734375,
        "min_angle": 56.46955871582031,
        "all_angles": [
          87.88265991210938,
          85.39216613769531,
          79.43930053710938,
          68.08866119384766,
          56.46955871582031
        ]
      },
      "conscientiousness-extraversion": {
        "mean_angle": 73.80928802490234,
        "min_angle": 56.551795959472656,
        "all_angles": [
          86.70577239990234,
          81.87254333496094,
          73.91625213623047,
          70.0000991821289,
          56.551795959472656
        ]
      },
      "conscientiousness-agreeableness": {
        "mean_angle": 73.13081359863281,
        "min_angle": 62.554195404052734,
        "all_angles": [
          84.97445678710938,
          79.20738220214844,
          72.38514709472656,
          66.53285217285156,
          62.554195404052734
        ]
      },
      "conscientiousness-neuroticism": {
        "mean_angle": 72.0075454711914,
        "min_angle": 54.07434844970703,
        "all_angles": [
          89.00189208984375,
          82.5536880493164,
          70.75304412841797,
          63.65475082397461,
          54.07434844970703
        ]
      },
      "extraversion-agreeableness": {
        "mean_angle": 67.89893341064453,
        "min_angle": 41.968902587890625,
        "all_angles": [
          89.3580551147461,
          78.191650390625,
          66.16014862060547,
          63.81590270996094,
          41.968902587890625
        ]
      },
      "extraversion-neuroticism": {
        "mean_angle": 72.12372589111328,
        "min_angle": 42.54557418823242,
        "all_angles": [
          87.76734924316406,
          84.56871032714844,
          79.00448608398438,
          66.73249816894531,
          42.54557418823242
        ]
      },
      "agreeableness-neuroticism": {
        "mean_angle": 74.35401916503906,
        "min_angle": 49.97225570678711,
        "all_angles": [
          87.85533905029297,
          82.82486724853516,
          76.0010986328125,
          75.11650848388672,
          49.97225570678711
        ]
      }
    },
    "mean_angle": 72.70777282714843,
    "min_angle": 67.89893341064453
  },
  "effective_dim": {
    "combined_effective_dim": 53,
    "total_dims": 1024,
    "variance_ratio": 0.0517578125,
    "explained_variance_top5": [
      0.1823735386133194,
      0.11050581187009811,
      0.08461693674325943,
      0.06068423390388489,
      0.054275430738925934
    ],
    "per_trait_effective_dim": {
      "openness": 13,
      "conscientiousness": 14,
      "extraversion": 14,
      "agreeableness": 14,
      "neuroticism": 14
    },
    "cumulative_variance_at_5": 0.49245592951774597
  },
  "cross_probe": {
    "pairwise": {
      "openness-conscientiousness": {
        "A->B_acc": 0.625,
        "B->A_acc": 0.55,
        "mean_cross_acc": 0.5875,
        "within_A_acc": 1.0
      },
      "openness-extraversion": {
        "A->B_acc": 1.0,
        "B->A_acc": 0.95,
        "mean_cross_acc": 0.975,
        "within_A_acc": 1.0
      },
      "openness-agreeableness": {
        "A->B_acc": 0.7,
        "B->A_acc": 0.65,
        "mean_cross_acc": 0.675,
        "within_A_acc": 1.0
      },
      "openness-neuroticism": {
        "A->B_acc": 0.575,
        "B->A_acc": 0.5,
        "mean_cross_acc": 0.5375,
        "within_A_acc": 1.0
      },
      "conscientiousness-extraversion": {
        "A->B_acc": 0.575,
        "B->A_acc": 0.675,
        "mean_cross_acc": 0.625,
        "within_A_acc": 1.0
      },
      "conscientiousness-agreeableness": {
        "A->B_acc": 0.675,
        "B->A_acc": 0.6,
        "mean_cross_acc": 0.6375,
        "within_A_acc": 1.0
      },
      "conscientiousness-neuroticism": {
        "A->B_acc": 0.45,
        "B->A_acc": 0.225,
        "mean_cross_acc": 0.3375,
        "within_A_acc": 1.0
      },
      "extraversion-agreeableness": {
        "A->B_acc": 0.825,
        "B->A_acc": 0.675,
        "mean_cross_acc": 0.75,
        "within_A_acc": 1.0
      },
      "extraversion-neuroticism": {
        "A->B_acc": 0.275,
        "B->A_acc": 0.4,
        "mean_cross_acc": 0.3375,
        "within_A_acc": 1.0
      },
      "agreeableness-neuroticism": {
        "A->B_acc": 0.3,
        "B->A_acc": 0.225,
        "mean_cross_acc": 0.2625,
        "within_A_acc": 1.0
      }
    },
    "mean_cross_acc": 0.5725,
    "max_cross_acc": 0.975
  },
  "aggregate_entanglement": {
    "rv_score": 0.7331829309463501,
    "angle_score": 0.1921358574761285,
    "ed_score": 0.9482421875,
    "cp_score": 0.14500000000000002,
    "overall": 0.5046402439806197
  }
}