{
  "model": "Qwen_Qwen2.5-1.5B-Instruct",
  "layer": 14,
  "n_traits": 5,
  "rv": {
    "pairwise": {
      "openness-conscientiousness": {
        "rv": 0.775843620300293
      },
      "openness-extraversion": {
        "rv": 0.6004374027252197
      },
      "openness-agreeableness": {
        "rv": 0.5743811130523682
      },
      "openness-neuroticism": {
        "rv": 0.6944149136543274
      },
      "conscientiousness-extraversion": {
        "rv": 0.6122484803199768
      },
      "conscientiousness-agreeableness": {
        "rv": 0.6345228552818298
      },
      "conscientiousness-neuroticism": {
        "rv": 0.664188802242279
      },
      "extraversion-agreeableness": {
        "rv": 0.5433703660964966
      },
      "extraversion-neuroticism": {
        "rv": 0.582986056804657
      },
      "agreeableness-neuroticism": {
        "rv": 0.6522398591041565
      }
    },
    "mean_rv": 0.6334633469581604,
    "max_rv": 0.775843620300293
  },
  "subspace_angles": {
    "pairwise": {
      "openness-conscientiousness": {
        "mean_angle": 67.28369903564453,
        "min_angle": 41.25484085083008,
        "all_angles": [
          89.20746612548828,
          79.64286804199219,
          71.4517822265625,
          54.86150360107422,
          41.25484085083008
        ]
      },
      "openness-extraversion": {
        "mean_angle": 71.86077117919922,
        "min_angle": 43.069000244140625,
        "all_angles": [
          87.52274322509766,
          81.55838012695312,
          76.7921371459961,
          70.36160278320312,
          43.069000244140625
        ]
      },
      "openness-agreeableness": {
        "mean_angle": 69.7394027709961,
        "min_angle": 41.577213287353516,
        "all_angles": [
          88.92498016357422,
          81.62715911865234,
          74.65528869628906,
          61.91239547729492,
          41.577213287353516
        ]
      },
      "openness-neuroticism": {
        "mean_angle": 69.63883972167969,
        "min_angle": 43.509098052978516,
        "all_angles": [
          89.08634948730469,
          78.44873046875,
          72.33855438232422,
          64.81145477294922,
          43.509098052978516
        ]
      },
      "conscientiousness-extraversion": {
        "mean_angle": 66.9892578125,
        "min_angle": 35.822994232177734,
        "all_angles": [
          86.74237060546875,
          80.3037109375,
          75.67512512207031,
          56.40209197998047,
          35.822994232177734
        ]
      },
      "conscientiousness-agreeableness": {
        "mean_angle": 64.3345947265625,
        "min_angle": 35.5429801940918,
        "all_angles": [
          80.96720886230469,
          77.63963317871094,
          67.31294250488281,
          60.21022415161133,
          35.5429801940918
        ]
      },
      "conscientiousness-neuroticism": {
        "mean_angle": 63.70228958129883,
        "min_angle": 34.74169921875,
        "all_angles": [
          86.1579360961914,
          71.83324432373047,
          68.90330505371094,
          56.875267028808594,
          34.74169921875
        ]
      },
      "extraversion-agreeableness": {
        "mean_angle": 66.34024810791016,
        "min_angle": 41.38020706176758,
        "all_angles": [
          85.08605194091797,
          72.83902740478516,
          70.31710052490234,
          62.078834533691406,
          41.38020706176758
        ]
      },
      "extraversion-neuroticism": {
        "mean_angle": 65.68391418457031,
        "min_angle": 40.27090072631836,
        "all_angles": [
          86.43179321289062,
          81.9940185546875,
          63.267677307128906,
          56.4551887512207,
          40.27090072631836
        ]
      },
      "agreeableness-neuroticism": {
        "mean_angle": 66.76116180419922,
        "min_angle": 44.996253967285156,
        "all_angles": [
          88.29004669189453,
          87.69824981689453,
          65.15779876708984,
          47.66347122192383,
          44.996253967285156
        ]
      }
    },
    "mean_angle": 67.23341789245606,
    "min_angle": 63.70228958129883
  },
  "effective_dim": {
    "combined_effective_dim": 105,
    "total_dims": 1536,
    "variance_ratio": 0.068359375,
    "explained_variance_top5": [
      0.20547011494636536,
      0.10674195736646652,
      0.08029768615961075,
      0.05845186486840248,
      0.052634552121162415
    ],
    "per_trait_effective_dim": {
      "openness": 30,
      "conscientiousness": 34,
      "extraversion": 34,
      "agreeableness": 33,
      "neuroticism": 28
    },
    "cumulative_variance_at_5": 0.5035961866378784
  },
  "cross_probe": {
    "pairwise": {
      "openness-conscientiousness": {
        "A->B_acc": 0.7125,
        "B->A_acc": 0.6375,
        "mean_cross_acc": 0.675,
        "within_A_acc": 1.0
      },
      "openness-extraversion": {
        "A->B_acc": 0.625,
        "B->A_acc": 0.5,
        "mean_cross_acc": 0.5625,
        "within_A_acc": 1.0
      },
      "openness-agreeableness": {
        "A->B_acc": 0.6875,
        "B->A_acc": 0.7125,
        "mean_cross_acc": 0.7,
        "within_A_acc": 1.0
      },
      "openness-neuroticism": {
        "A->B_acc": 0.4375,
        "B->A_acc": 0.5125,
        "mean_cross_acc": 0.475,
        "within_A_acc": 1.0
      },
      "conscientiousness-extraversion": {
        "A->B_acc": 0.5125,
        "B->A_acc": 0.55,
        "mean_cross_acc": 0.53125,
        "within_A_acc": 1.0
      },
      "conscientiousness-agreeableness": {
        "A->B_acc": 0.6875,
        "B->A_acc": 0.675,
        "mean_cross_acc": 0.68125,
        "within_A_acc": 1.0
      },
      "conscientiousness-neuroticism": {
        "A->B_acc": 0.4375,
        "B->A_acc": 0.2875,
        "mean_cross_acc": 0.3625,
        "within_A_acc": 1.0
      },
      "extraversion-agreeableness": {
        "A->B_acc": 0.6375,
        "B->A_acc": 0.575,
        "mean_cross_acc": 0.60625,
        "within_A_acc": 1.0
      },
      "extraversion-neuroticism": {
        "A->B_acc": 0.5875,
        "B->A_acc": 0.625,
        "mean_cross_acc": 0.60625,
        "within_A_acc": 1.0
      },
      "agreeableness-neuroticism": {
        "A->B_acc": 0.2125,
        "B->A_acc": 0.3125,
        "mean_cross_acc": 0.2625,
        "within_A_acc": 1.0
      }
    },
    "mean_cross_acc": 0.54625,
    "max_cross_acc": 0.7
  },
  "aggregate_entanglement": {
    "rv_score": 0.6334633469581604,
    "angle_score": 0.2529620234171549,
    "ed_score": 0.931640625,
    "cp_score": 0.09250000000000003,
    "overall": 0.47764149884382884
  }
}