{
  "model": "Qwen_Qwen2.5-0.5B-Instruct",
  "layer": 12,
  "n_traits": 5,
  "rv": {
    "pairwise": {
      "openness-conscientiousness": {
        "rv": 0.5607089400291443
      },
      "openness-extraversion": {
        "rv": 0.4833179712295532
      },
      "openness-agreeableness": {
        "rv": 0.43790313601493835
      },
      "openness-neuroticism": {
        "rv": 0.6152137517929077
      },
      "conscientiousness-extraversion": {
        "rv": 0.4524323046207428
      },
      "conscientiousness-agreeableness": {
        "rv": 0.6030532717704773
      },
      "conscientiousness-neuroticism": {
        "rv": 0.6739233732223511
      },
      "extraversion-agreeableness": {
        "rv": 0.44075384736061096
      },
      "extraversion-neuroticism": {
        "rv": 0.5365695953369141
      },
      "agreeableness-neuroticism": {
        "rv": 0.56419438123703
      }
    },
    "mean_rv": 0.5368070572614669,
    "max_rv": 0.6739233732223511
  },
  "subspace_angles": {
    "pairwise": {
      "openness-conscientiousness": {
        "mean_angle": 68.4559326171875,
        "min_angle": 44.03340530395508,
        "all_angles": [
          89.474365234375,
          80.1147232055664,
          72.62281799316406,
          56.03435134887695,
          44.03340530395508
        ]
      },
      "openness-extraversion": {
        "mean_angle": 70.56697845458984,
        "min_angle": 40.372650146484375,
        "all_angles": [
          89.71060943603516,
          82.78428649902344,
          76.94986724853516,
          63.017486572265625,
          40.372650146484375
        ]
      },
      "openness-agreeableness": {
        "mean_angle": 67.52043151855469,
        "min_angle": 36.70158386230469,
        "all_angles": [
          88.04765319824219,
          83.20002746582031,
          74.59178161621094,
          55.061134338378906,
          36.70158386230469
        ]
      },
      "openness-neuroticism": {
        "mean_angle": 64.93267822265625,
        "min_angle": 40.22332000732422,
        "all_angles": [
          82.03369903564453,
          75.84024047851562,
          71.30474853515625,
          55.26136779785156,
          40.22332000732422
        ]
      },
      "conscientiousness-extraversion": {
        "mean_angle": 66.00483703613281,
        "min_angle": 41.411102294921875,
        "all_angles": [
          87.1412353515625,
          81.68269348144531,
          64.59146881103516,
          55.19769287109375,
          41.411102294921875
        ]
      },
      "conscientiousness-agreeableness": {
        "mean_angle": 67.73359680175781,
        "min_angle": 48.30827331542969,
        "all_angles": [
          88.25148010253906,
          74.8741683959961,
          68.43418884277344,
          58.79986572265625,
          48.30827331542969
        ]
      },
      "conscientiousness-neuroticism": {
        "mean_angle": 65.5223617553711,
        "min_angle": 47.670074462890625,
        "all_angles": [
          87.78390502929688,
          72.57130432128906,
          64.04159545898438,
          55.544925689697266,
          47.670074462890625
        ]
      },
      "extraversion-agreeableness": {
        "mean_angle": 63.25352096557617,
        "min_angle": 33.218936920166016,
        "all_angles": [
          78.64524841308594,
          73.69234466552734,
          72.64969635009766,
          58.0614128112793,
          33.218936920166016
        ]
      },
      "extraversion-neuroticism": {
        "mean_angle": 65.86332702636719,
        "min_angle": 37.68888473510742,
        "all_angles": [
          89.44503021240234,
          71.53064727783203,
          69.45478820800781,
          61.19731521606445,
          37.68888473510742
        ]
      },
      "agreeableness-neuroticism": {
        "mean_angle": 65.93270874023438,
        "min_angle": 41.81543731689453,
        "all_angles": [
          82.46701049804688,
          78.6851577758789,
          69.9801254272461,
          56.715816497802734,
          41.81543731689453
        ]
      }
    },
    "mean_angle": 66.57863731384278,
    "min_angle": 63.25352096557617
  },
  "effective_dim": {
    "combined_effective_dim": 55,
    "total_dims": 896,
    "variance_ratio": 0.06138392857142857,
    "explained_variance_top5": [
      0.19970332086086273,
      0.1153109073638916,
      0.07476648688316345,
      0.06392379850149155,
      0.04389118775725365
    ],
    "per_trait_effective_dim": {
      "openness": 14,
      "conscientiousness": 14,
      "extraversion": 14,
      "agreeableness": 13,
      "neuroticism": 15
    },
    "cumulative_variance_at_5": 0.49759572744369507
  },
  "cross_probe": {
    "pairwise": {
      "openness-conscientiousness": {
        "A->B_acc": 0.7,
        "B->A_acc": 0.775,
        "mean_cross_acc": 0.7375,
        "within_A_acc": 1.0
      },
      "openness-extraversion": {
        "A->B_acc": 0.625,
        "B->A_acc": 0.75,
        "mean_cross_acc": 0.6875,
        "within_A_acc": 1.0
      },
      "openness-agreeableness": {
        "A->B_acc": 0.575,
        "B->A_acc": 0.675,
        "mean_cross_acc": 0.625,
        "within_A_acc": 1.0
      },
      "openness-neuroticism": {
        "A->B_acc": 0.45,
        "B->A_acc": 0.45,
        "mean_cross_acc": 0.45,
        "within_A_acc": 1.0
      },
      "conscientiousness-extraversion": {
        "A->B_acc": 0.775,
        "B->A_acc": 0.775,
        "mean_cross_acc": 0.775,
        "within_A_acc": 1.0
      },
      "conscientiousness-agreeableness": {
        "A->B_acc": 0.725,
        "B->A_acc": 0.75,
        "mean_cross_acc": 0.7375,
        "within_A_acc": 1.0
      },
      "conscientiousness-neuroticism": {
        "A->B_acc": 0.225,
        "B->A_acc": 0.2,
        "mean_cross_acc": 0.21250000000000002,
        "within_A_acc": 1.0
      },
      "extraversion-agreeableness": {
        "A->B_acc": 0.775,
        "B->A_acc": 0.65,
        "mean_cross_acc": 0.7125,
        "within_A_acc": 1.0
      },
      "extraversion-neuroticism": {
        "A->B_acc": 0.375,
        "B->A_acc": 0.375,
        "mean_cross_acc": 0.375,
        "within_A_acc": 1.0
      },
      "agreeableness-neuroticism": {
        "A->B_acc": 0.3,
        "B->A_acc": 0.35,
        "mean_cross_acc": 0.32499999999999996,
        "within_A_acc": 1.0
      }
    },
    "mean_cross_acc": 0.56375,
    "max_cross_acc": 0.775
  },
  "aggregate_entanglement": {
    "rv_score": 0.5368070572614669,
    "angle_score": 0.2602373631795247,
    "ed_score": 0.9386160714285714,
    "cp_score": 0.12749999999999995,
    "overall": 0.46579012296739075
  }
}