{
  "model": "Qwen_Qwen2.5-7B-Instruct",
  "layer": 14,
  "n_traits": 5,
  "rv": {
    "pairwise": {
      "openness-conscientiousness": {
        "rv": 0.9153250455856323
      },
      "openness-extraversion": {
        "rv": 0.7548444271087646
      },
      "openness-agreeableness": {
        "rv": 0.8360243439674377
      },
      "openness-neuroticism": {
        "rv": 0.9115930795669556
      },
      "conscientiousness-extraversion": {
        "rv": 0.7284560799598694
      },
      "conscientiousness-agreeableness": {
        "rv": 0.8090662360191345
      },
      "conscientiousness-neuroticism": {
        "rv": 0.8785974383354187
      },
      "extraversion-agreeableness": {
        "rv": 0.8762320280075073
      },
      "extraversion-neuroticism": {
        "rv": 0.8211158514022827
      },
      "agreeableness-neuroticism": {
        "rv": 0.9099665284156799
      }
    },
    "mean_rv": 0.8441221058368683,
    "max_rv": 0.9153250455856323
  },
  "subspace_angles": {
    "pairwise": {
      "openness-conscientiousness": {
        "mean_angle": 68.73869323730469,
        "min_angle": 44.81874465942383,
        "all_angles": [
          89.25637817382812,
          78.92806243896484,
          66.79078674316406,
          63.89946365356445,
          44.81874465942383
        ]
      },
      "openness-extraversion": {
        "mean_angle": 72.61820983886719,
        "min_angle": 47.472843170166016,
        "all_angles": [
          89.52644348144531,
          84.47857666015625,
          79.36909484863281,
          62.24412536621094,
          47.472843170166016
        ]
      },
      "openness-agreeableness": {
        "mean_angle": 71.32015991210938,
        "min_angle": 50.667903900146484,
        "all_angles": [
          89.67825317382812,
          80.67552947998047,
          68.87017822265625,
          66.70891571044922,
          50.667903900146484
        ]
      },
      "openness-neuroticism": {
        "mean_angle": 73.88004302978516,
        "min_angle": 61.54435729980469,
        "all_angles": [
          82.6081314086914,
          80.87553405761719,
          77.17718505859375,
          67.19499969482422,
          61.54435729980469
        ]
      },
      "conscientiousness-extraversion": {
        "mean_angle": 71.447998046875,
        "min_angle": 40.95099639892578,
        "all_angles": [
          87.83047485351562,
          82.5862808227539,
          73.42821502685547,
          72.44404602050781,
          40.95099639892578
        ]
      },
      "conscientiousness-agreeableness": {
        "mean_angle": 72.23091888427734,
        "min_angle": 51.28351593017578,
        "all_angles": [
          89.94996643066406,
          79.77381896972656,
          71.9128189086914,
          68.23448181152344,
          51.28351593017578
        ]
      },
      "conscientiousness-neuroticism": {
        "mean_angle": 71.10630798339844,
        "min_angle": 52.67508316040039,
        "all_angles": [
          87.14472198486328,
          81.08928680419922,
          70.12665557861328,
          64.4958267211914,
          52.67508316040039
        ]
      },
      "extraversion-agreeableness": {
        "mean_angle": 70.60711669921875,
        "min_angle": 45.08584976196289,
        "all_angles": [
          86.56782531738281,
          80.20085144042969,
          75.69145202636719,
          65.48960876464844,
          45.08584976196289
        ]
      },
      "extraversion-neuroticism": {
        "mean_angle": 73.48773193359375,
        "min_angle": 52.77461242675781,
        "all_angles": [
          88.58033752441406,
          79.85746765136719,
          76.33354949951172,
          69.8926773071289,
          52.77461242675781
        ]
      },
      "agreeableness-neuroticism": {
        "mean_angle": 73.611572265625,
        "min_angle": 56.87322235107422,
        "all_angles": [
          88.40604400634766,
          78.32746887207031,
          76.55819702148438,
          67.89292907714844,
          56.87322235107422
        ]
      }
    },
    "mean_angle": 71.90487518310547,
    "min_angle": 68.73869323730469
  },
  "effective_dim": {
    "combined_effective_dim": 102,
    "total_dims": 3584,
    "variance_ratio": 0.028459821428571428,
    "explained_variance_top5": [
      0.15861643850803375,
      0.13039334118366241,
      0.10430411994457245,
      0.08844155818223953,
      0.06491784751415253
    ],
    "per_trait_effective_dim": {
      "openness": 32,
      "conscientiousness": 34,
      "extraversion": 35,
      "agreeableness": 33,
      "neuroticism": 34
    },
    "cumulative_variance_at_5": 0.5466732978820801
  },
  "cross_probe": {
    "pairwise": {
      "openness-conscientiousness": {
        "A->B_acc": 0.5375,
        "B->A_acc": 0.45,
        "mean_cross_acc": 0.49375,
        "within_A_acc": 1.0
      },
      "openness-extraversion": {
        "A->B_acc": 0.9375,
        "B->A_acc": 1.0,
        "mean_cross_acc": 0.96875,
        "within_A_acc": 1.0
      },
      "openness-agreeableness": {
        "A->B_acc": 0.95,
        "B->A_acc": 0.9125,
        "mean_cross_acc": 0.9312499999999999,
        "within_A_acc": 1.0
      },
      "openness-neuroticism": {
        "A->B_acc": 0.525,
        "B->A_acc": 0.3625,
        "mean_cross_acc": 0.44375,
        "within_A_acc": 1.0
      },
      "conscientiousness-extraversion": {
        "A->B_acc": 0.45,
        "B->A_acc": 0.5875,
        "mean_cross_acc": 0.51875,
        "within_A_acc": 1.0
      },
      "conscientiousness-agreeableness": {
        "A->B_acc": 0.725,
        "B->A_acc": 0.4875,
        "mean_cross_acc": 0.60625,
        "within_A_acc": 1.0
      },
      "conscientiousness-neuroticism": {
        "A->B_acc": 0.1625,
        "B->A_acc": 0.3,
        "mean_cross_acc": 0.23125,
        "within_A_acc": 1.0
      },
      "extraversion-agreeableness": {
        "A->B_acc": 0.925,
        "B->A_acc": 0.525,
        "mean_cross_acc": 0.7250000000000001,
        "within_A_acc": 1.0
      },
      "extraversion-neuroticism": {
        "A->B_acc": 0.4,
        "B->A_acc": 0.2875,
        "mean_cross_acc": 0.34375,
        "within_A_acc": 1.0
      },
      "agreeableness-neuroticism": {
        "A->B_acc": 0.45,
        "B->A_acc": 0.1625,
        "mean_cross_acc": 0.30625,
        "within_A_acc": 1.0
      }
    },
    "mean_cross_acc": 0.556875,
    "max_cross_acc": 0.96875
  },
  "aggregate_entanglement": {
    "rv_score": 0.8441221058368683,
    "angle_score": 0.2010569424099392,
    "ed_score": 0.9715401785714286,
    "cp_score": 0.11375000000000002,
    "overall": 0.5326173067045591
  }
}