{
  "model": "TinyLlama_TinyLlama-1.1B-Chat-v1.0",
  "layer": 11,
  "n_traits": 4,
  "rv": {
    "pairwise": {
      "conscientiousness-extraversion": {
        "rv": 0.6574622392654419
      },
      "conscientiousness-agreeableness": {
        "rv": 0.6344122290611267
      },
      "conscientiousness-neuroticism": {
        "rv": 0.625406801700592
      },
      "extraversion-agreeableness": {
        "rv": 0.5879710912704468
      },
      "extraversion-neuroticism": {
        "rv": 0.6599516272544861
      },
      "agreeableness-neuroticism": {
        "rv": 0.6522361040115356
      }
    },
    "mean_rv": 0.6362400154272715,
    "max_rv": 0.6599516272544861
  },
  "subspace_angles": {
    "pairwise": {
      "conscientiousness-extraversion": {
        "mean_angle": 72.9144515991211,
        "min_angle": 59.02811050415039,
        "all_angles": [
          89.0820541381836,
          84.18103790283203,
          68.66947174072266,
          63.611610412597656,
          59.02811050415039
        ]
      },
      "conscientiousness-agreeableness": {
        "mean_angle": 74.80938720703125,
        "min_angle": 60.560115814208984,
        "all_angles": [
          86.97015380859375,
          81.88875579833984,
          80.97991943359375,
          63.64798355102539,
          60.560115814208984
        ]
      },
      "conscientiousness-neuroticism": {
        "mean_angle": 73.36190032958984,
        "min_angle": 53.25385284423828,
        "all_angles": [
          86.47709655761719,
          81.50247192382812,
          77.0240249633789,
          68.55207061767578,
          53.25385284423828
        ]
      },
      "extraversion-agreeableness": {
        "mean_angle": 67.79472351074219,
        "min_angle": 53.98637771606445,
        "all_angles": [
          83.93228149414062,
          74.74561309814453,
          64.89213562011719,
          61.41720199584961,
          53.98637771606445
        ]
      },
      "extraversion-neuroticism": {
        "mean_angle": 72.25450134277344,
        "min_angle": 57.25515365600586,
        "all_angles": [
          87.56964111328125,
          82.14848327636719,
          70.9918212890625,
          63.30738830566406,
          57.25515365600586
        ]
      },
      "agreeableness-neuroticism": {
        "mean_angle": 71.12581634521484,
        "min_angle": 50.089351654052734,
        "all_angles": [
          85.29949951171875,
          79.964111328125,
          74.21207427978516,
          66.0640640258789,
          50.089351654052734
        ]
      }
    },
    "mean_angle": 72.04346338907878,
    "min_angle": 67.79472351074219
  },
  "effective_dim": {
    "combined_effective_dim": 57,
    "total_dims": 2048,
    "variance_ratio": 0.02783203125,
    "explained_variance_top5": [
      0.09805488586425781,
      0.0898122489452362,
      0.05672769993543625,
      0.05367622897028923,
      0.04484615847468376
    ],
    "per_trait_effective_dim": {
      "conscientiousness": 15,
      "extraversion": 16,
      "agreeableness": 16,
      "neuroticism": 15
    },
    "cumulative_variance_at_5": 0.34311720728874207
  },
  "cross_probe": {
    "pairwise": {
      "conscientiousness-extraversion": {
        "A->B_acc": 0.625,
        "B->A_acc": 0.6,
        "mean_cross_acc": 0.6125,
        "within_A_acc": 1.0
      },
      "conscientiousness-agreeableness": {
        "A->B_acc": 0.625,
        "B->A_acc": 0.65,
        "mean_cross_acc": 0.6375,
        "within_A_acc": 1.0
      },
      "conscientiousness-neuroticism": {
        "A->B_acc": 0.325,
        "B->A_acc": 0.35,
        "mean_cross_acc": 0.3375,
        "within_A_acc": 1.0
      },
      "extraversion-agreeableness": {
        "A->B_acc": 0.575,
        "B->A_acc": 0.55,
        "mean_cross_acc": 0.5625,
        "within_A_acc": 1.0
      },
      "extraversion-neuroticism": {
        "A->B_acc": 0.425,
        "B->A_acc": 0.425,
        "mean_cross_acc": 0.425,
        "within_A_acc": 1.0
      },
      "agreeableness-neuroticism": {
        "A->B_acc": 0.35,
        "B->A_acc": 0.425,
        "mean_cross_acc": 0.38749999999999996,
        "within_A_acc": 1.0
      }
    },
    "mean_cross_acc": 0.4937499999999999,
    "max_cross_acc": 0.6375
  },
  "aggregate_entanglement": {
    "rv_score": 0.6362400154272715,
    "angle_score": 0.19951707345468017,
    "ed_score": 0.97216796875,
    "cp_score": 0.0,
    "overall": 0.4519812644079879
  }
}