{
  "model": "unsloth_Llama-3.2-1B-Instruct",
  "layer": 8,
  "n_traits": 5,
  "rv": {
    "pairwise": {
      "openness-conscientiousness": {
        "rv": 0.9866393804550171
      },
      "openness-extraversion": {
        "rv": 0.9792287349700928
      },
      "openness-agreeableness": {
        "rv": 0.9838060736656189
      },
      "openness-neuroticism": {
        "rv": 0.974460244178772
      },
      "conscientiousness-extraversion": {
        "rv": 0.9830493330955505
      },
      "conscientiousness-agreeableness": {
        "rv": 0.9846682548522949
      },
      "conscientiousness-neuroticism": {
        "rv": 0.9776708483695984
      },
      "extraversion-agreeableness": {
        "rv": 0.9746993184089661
      },
      "extraversion-neuroticism": {
        "rv": 0.9601995944976807
      },
      "agreeableness-neuroticism": {
        "rv": 0.9786630868911743
      }
    },
    "mean_rv": 0.9783084869384766,
    "max_rv": 0.9866393804550171
  },
  "subspace_angles": {
    "pairwise": {
      "openness-conscientiousness": {
        "mean_angle": 79.27766418457031,
        "min_angle": 69.0477066040039,
        "all_angles": [
          89.65816497802734,
          84.36810302734375,
          80.91893768310547,
          72.39540100097656,
          69.0477066040039
        ]
      },
      "openness-extraversion": {
        "mean_angle": 76.46297454833984,
        "min_angle": 62.18544006347656,
        "all_angles": [
          85.68207550048828,
          82.4322280883789,
          78.8258056640625,
          73.1893539428711,
          62.18544006347656
        ]
      },
      "openness-agreeableness": {
        "mean_angle": 79.11891174316406,
        "min_angle": 63.29302215576172,
        "all_angles": [
          89.06409454345703,
          86.58922576904297,
          82.9037857055664,
          73.74441528320312,
          63.29302215576172
        ]
      },
      "openness-neuroticism": {
        "mean_angle": 83.746337890625,
        "min_angle": 73.84557342529297,
        "all_angles": [
          88.80628204345703,
          88.07201385498047,
          86.56990051269531,
          81.43791198730469,
          73.84557342529297
        ]
      },
      "conscientiousness-extraversion": {
        "mean_angle": 75.26718139648438,
        "min_angle": 45.65170669555664,
        "all_angles": [
          88.01019287109375,
          85.40645599365234,
          82.79949188232422,
          74.46804809570312,
          45.65170669555664
        ]
      },
      "conscientiousness-agreeableness": {
        "mean_angle": 76.36309814453125,
        "min_angle": 48.067813873291016,
        "all_angles": [
          89.64620971679688,
          84.82840728759766,
          81.26470184326172,
          78.00835418701172,
          48.067813873291016
        ]
      },
      "conscientiousness-neuroticism": {
        "mean_angle": 76.7112045288086,
        "min_angle": 60.0986328125,
        "all_angles": [
          88.98321533203125,
          81.52831268310547,
          79.42729187011719,
          73.51856994628906,
          60.0986328125
        ]
      },
      "extraversion-agreeableness": {
        "mean_angle": 75.56867980957031,
        "min_angle": 44.66804885864258,
        "all_angles": [
          89.20746612548828,
          83.70530700683594,
          82.01985168457031,
          78.24272918701172,
          44.66804885864258
        ]
      },
      "extraversion-neuroticism": {
        "mean_angle": 79.179931640625,
        "min_angle": 60.66377639770508,
        "all_angles": [
          88.57012939453125,
          85.94630432128906,
          83.44668579101562,
          77.2727279663086,
          60.66377639770508
        ]
      },
      "agreeableness-neuroticism": {
        "mean_angle": 75.76448059082031,
        "min_angle": 59.81196975708008,
        "all_angles": [
          89.9766845703125,
          85.14183044433594,
          75.31307983398438,
          68.57884216308594,
          59.81196975708008
        ]
      }
    },
    "mean_angle": 77.74604644775391,
    "min_angle": 75.26718139648438
  },
  "effective_dim": {
    "combined_effective_dim": 16,
    "total_dims": 2048,
    "variance_ratio": 0.0078125,
    "explained_variance_top5": [
      0.2763119637966156,
      0.25708383321762085,
      0.20169422030448914,
      0.14868521690368652,
      0.015750981867313385
    ],
    "per_trait_effective_dim": {
      "openness": 15,
      "conscientiousness": 15,
      "extraversion": 14,
      "agreeableness": 14,
      "neuroticism": 13
    },
    "cumulative_variance_at_5": 0.8995262384414673
  },
  "cross_probe": {
    "pairwise": {
      "openness-conscientiousness": {
        "A->B_acc": 0.5,
        "B->A_acc": 0.1,
        "mean_cross_acc": 0.3,
        "within_A_acc": 1.0
      },
      "openness-extraversion": {
        "A->B_acc": 0.85,
        "B->A_acc": 1.0,
        "mean_cross_acc": 0.925,
        "within_A_acc": 1.0
      },
      "openness-agreeableness": {
        "A->B_acc": 1.0,
        "B->A_acc": 1.0,
        "mean_cross_acc": 1.0,
        "within_A_acc": 1.0
      },
      "openness-neuroticism": {
        "A->B_acc": 0.5,
        "B->A_acc": 0.5,
        "mean_cross_acc": 0.5,
        "within_A_acc": 1.0
      },
      "conscientiousness-extraversion": {
        "A->B_acc": 0.2,
        "B->A_acc": 0.4,
        "mean_cross_acc": 0.30000000000000004,
        "within_A_acc": 1.0
      },
      "conscientiousness-agreeableness": {
        "A->B_acc": 0.45,
        "B->A_acc": 0.5,
        "mean_cross_acc": 0.475,
        "within_A_acc": 1.0
      },
      "conscientiousness-neuroticism": {
        "A->B_acc": 0.175,
        "B->A_acc": 0.0,
        "mean_cross_acc": 0.0875,
        "within_A_acc": 1.0
      },
      "extraversion-agreeableness": {
        "A->B_acc": 0.5,
        "B->A_acc": 0.475,
        "mean_cross_acc": 0.4875,
        "within_A_acc": 1.0
      },
      "extraversion-neuroticism": {
        "A->B_acc": 0.5,
        "B->A_acc": 0.6,
        "mean_cross_acc": 0.55,
        "within_A_acc": 1.0
      },
      "agreeableness-neuroticism": {
        "A->B_acc": 0.475,
        "B->A_acc": 0.325,
        "mean_cross_acc": 0.4,
        "within_A_acc": 1.0
      }
    },
    "mean_cross_acc": 0.5025000000000001,
    "max_cross_acc": 1.0
  },
  "aggregate_entanglement": {
    "rv_score": 0.9783084869384766,
    "angle_score": 0.136155039469401,
    "ed_score": 0.9921875,
    "cp_score": 0.0050000000000001155,
    "overall": 0.5279127566019695
  }
}