{
  "model": "unsloth_gemma-2-2b-it",
  "layer": 13,
  "n_traits": 5,
  "rv": {
    "pairwise": {
      "openness-conscientiousness": {
        "rv": 0.8550052046775818
      },
      "openness-extraversion": {
        "rv": 0.8232278227806091
      },
      "openness-agreeableness": {
        "rv": 0.8197925090789795
      },
      "openness-neuroticism": {
        "rv": 0.8832213878631592
      },
      "conscientiousness-extraversion": {
        "rv": 0.8117929697036743
      },
      "conscientiousness-agreeableness": {
        "rv": 0.8189049959182739
      },
      "conscientiousness-neuroticism": {
        "rv": 0.8468581438064575
      },
      "extraversion-agreeableness": {
        "rv": 0.7532464265823364
      },
      "extraversion-neuroticism": {
        "rv": 0.80876624584198
      },
      "agreeableness-neuroticism": {
        "rv": 0.8128364682197571
      }
    },
    "mean_rv": 0.8233652174472809,
    "max_rv": 0.8832213878631592
  },
  "subspace_angles": {
    "pairwise": {
      "openness-conscientiousness": {
        "mean_angle": 76.44471740722656,
        "min_angle": 57.45856857299805,
        "all_angles": [
          88.54906463623047,
          83.39723205566406,
          76.95575714111328,
          75.86299896240234,
          57.45856857299805
        ]
      },
      "openness-extraversion": {
        "mean_angle": 77.01581573486328,
        "min_angle": 59.1302490234375,
        "all_angles": [
          89.81349182128906,
          85.11546325683594,
          78.18119812011719,
          72.83867645263672,
          59.1302490234375
        ]
      },
      "openness-agreeableness": {
        "mean_angle": 72.73400115966797,
        "min_angle": 52.32619094848633,
        "all_angles": [
          86.37572479248047,
          80.22735595703125,
          75.8214111328125,
          68.91929626464844,
          52.32619094848633
        ]
      },
      "openness-neuroticism": {
        "mean_angle": 76.16332244873047,
        "min_angle": 63.68044662475586,
        "all_angles": [
          88.9884262084961,
          85.26109313964844,
          74.2168197631836,
          68.66984558105469,
          63.68044662475586
        ]
      },
      "conscientiousness-extraversion": {
        "mean_angle": 71.41709899902344,
        "min_angle": 56.21437072753906,
        "all_angles": [
          84.97411346435547,
          77.94312286376953,
          73.54033660888672,
          64.41357421875,
          56.21437072753906
        ]
      },
      "conscientiousness-agreeableness": {
        "mean_angle": 68.61375427246094,
        "min_angle": 52.566280364990234,
        "all_angles": [
          84.81224060058594,
          76.20652770996094,
          65.76737976074219,
          63.716339111328125,
          52.566280364990234
        ]
      },
      "conscientiousness-neuroticism": {
        "mean_angle": 72.5775146484375,
        "min_angle": 53.54347229003906,
        "all_angles": [
          86.3812026977539,
          83.58869934082031,
          80.45962524414062,
          58.9145393371582,
          53.54347229003906
        ]
      },
      "extraversion-agreeableness": {
        "mean_angle": 73.34362030029297,
        "min_angle": 54.39424514770508,
        "all_angles": [
          89.63329315185547,
          81.12032318115234,
          76.48344421386719,
          65.08680725097656,
          54.39424514770508
        ]
      },
      "extraversion-neuroticism": {
        "mean_angle": 73.68614196777344,
        "min_angle": 53.203224182128906,
        "all_angles": [
          87.77327728271484,
          83.76963806152344,
          73.87083435058594,
          69.81375122070312,
          53.203224182128906
        ]
      },
      "agreeableness-neuroticism": {
        "mean_angle": 71.85182189941406,
        "min_angle": 53.32606887817383,
        "all_angles": [
          89.2885513305664,
          80.12979125976562,
          77.3603515625,
          59.15435791015625,
          53.32606887817383
        ]
      }
    },
    "mean_angle": 73.38478088378906,
    "min_angle": 68.61375427246094
  },
  "effective_dim": {
    "combined_effective_dim": 64,
    "total_dims": 2304,
    "variance_ratio": 0.027777777777777776,
    "explained_variance_top5": [
      0.1690743863582611,
      0.12810061872005463,
      0.09324625879526138,
      0.05448196083307266,
      0.04312612861394882
    ],
    "per_trait_effective_dim": {
      "openness": 15,
      "conscientiousness": 16,
      "extraversion": 16,
      "agreeableness": 15,
      "neuroticism": 16
    },
    "cumulative_variance_at_5": 0.4880293309688568
  },
  "cross_probe": {
    "pairwise": {
      "openness-conscientiousness": {
        "A->B_acc": 0.85,
        "B->A_acc": 0.8,
        "mean_cross_acc": 0.825,
        "within_A_acc": 1.0
      },
      "openness-extraversion": {
        "A->B_acc": 0.9,
        "B->A_acc": 1.0,
        "mean_cross_acc": 0.95,
        "within_A_acc": 1.0
      },
      "openness-agreeableness": {
        "A->B_acc": 0.825,
        "B->A_acc": 0.9,
        "mean_cross_acc": 0.8625,
        "within_A_acc": 1.0
      },
      "openness-neuroticism": {
        "A->B_acc": 0.25,
        "B->A_acc": 0.425,
        "mean_cross_acc": 0.3375,
        "within_A_acc": 1.0
      },
      "conscientiousness-extraversion": {
        "A->B_acc": 0.525,
        "B->A_acc": 0.65,
        "mean_cross_acc": 0.5875,
        "within_A_acc": 1.0
      },
      "conscientiousness-agreeableness": {
        "A->B_acc": 1.0,
        "B->A_acc": 0.85,
        "mean_cross_acc": 0.925,
        "within_A_acc": 1.0
      },
      "conscientiousness-neuroticism": {
        "A->B_acc": 0.15,
        "B->A_acc": 0.125,
        "mean_cross_acc": 0.1375,
        "within_A_acc": 1.0
      },
      "extraversion-agreeableness": {
        "A->B_acc": 0.55,
        "B->A_acc": 0.6,
        "mean_cross_acc": 0.575,
        "within_A_acc": 1.0
      },
      "extraversion-neuroticism": {
        "A->B_acc": 0.4,
        "B->A_acc": 0.475,
        "mean_cross_acc": 0.4375,
        "within_A_acc": 1.0
      },
      "agreeableness-neuroticism": {
        "A->B_acc": 0.325,
        "B->A_acc": 0.25,
        "mean_cross_acc": 0.2875,
        "within_A_acc": 1.0
      }
    },
    "mean_cross_acc": 0.5925,
    "max_cross_acc": 0.95
  },
  "aggregate_entanglement": {
    "rv_score": 0.8233652174472809,
    "angle_score": 0.18461354573567712,
    "ed_score": 0.9722222222222222,
    "cp_score": 0.18500000000000005,
    "overall": 0.541300246351295
  }
}