{
  "model": "mistralai/Mistral-7B-Instruct-v0.1",
  "layer": 5,
  "n_permutations": 100,
  "genuine_big5": {
    "mean_off_diagonal": 0.1656404286623001,
    "std_off_diagonal": 0.07674356549978256,
    "pair_sims": {
      "openness-conscientiousness": 0.08338242024183273,
      "openness-extraversion": 0.32089436054229736,
      "openness-agreeableness": 0.13729123771190643,
      "openness-neuroticism": 0.17202897369861603,
      "conscientiousness-extraversion": 0.14779020845890045,
      "conscientiousness-agreeableness": 0.20886996388435364,
      "conscientiousness-neuroticism": 0.14806461334228516,
      "extraversion-agreeableness": 0.24044370651245117,
      "extraversion-neuroticism": 0.027548329904675484,
      "agreeableness-neuroticism": 0.1700904667377472
    }
  },
  "shuffle_baseline": {
    "mean": 0.16002315782010557,
    "std": 0.04579416112346592,
    "distribution": [
      0.09940869361162186,
      0.12416011095046997,
      0.12954029440879822,
      0.25783783197402954,
      0.19235572218894958,
      0.07957492768764496,
      0.30429619550704956,
      0.19960051774978638,
      0.164159893989563,
      0.17614446580410004,
      0.2094358205795288,
      0.15125995874404907,
      0.14092077314853668,
      0.18791703879833221,
      0.1479674130678177,
      0.20842044055461884,
      0.11975276470184326,
      0.20265083014965057,
      0.11649588495492935,
      0.1802777349948883,
      0.15473970770835876,
      0.09329824149608612,
      0.16782601177692413,
      0.12740454077720642,
      0.1983766108751297,
      0.16513314843177795,
      0.1698424518108368,
      0.18898923695087433,
      0.12711526453495026,
      0.11442963778972626,
      0.1418423056602478,
      0.16255123913288116,
      0.10542871803045273,
      0.18635590374469757,
      0.18346421420574188,
      0.18201489746570587,
      0.133381187915802,
      0.2027144730091095,
      0.19424310326576233,
      0.21314983069896698,
      0.31612399220466614,
      0.15736569464206696,
      0.16353225708007812,
      0.1594133824110031,
      0.09406217932701111,
      0.13433653116226196,
      0.12670619785785675,
      0.16558818519115448,
      0.13611862063407898,
      0.1653265655040741,
      0.17691616714000702,
      0.18300186097621918,
      0.16642385721206665,
      0.08904743939638138,
      0.1478855013847351,
      0.1477792114019394,
      0.18068070709705353,
      0.1388750821352005,
      0.2073202133178711,
      0.13484801352024078,
      0.19330458343029022,
      0.1270441859960556,
      0.2013813704252243,
      0.10786424577236176,
      0.12797941267490387,
      0.1435536891222,
      0.14660198986530304,
      0.16006477177143097,
      0.09541298449039459,
      0.1459680050611496,
      0.15992476046085358,
      0.15283732116222382,
      0.2494247406721115,
      0.15171922743320465,
      0.16026000678539276,
      0.17570000886917114,
      0.19718065857887268,
      0.266021728515625,
      0.16189339756965637,
      0.2867918312549591,
      0.1653849184513092,
      0.1256973296403885,
      0.10871581733226776,
      0.14061561226844788,
      0.17859739065170288,
      0.1747460663318634,
      0.21382787823677063,
      0.15689845383167267,
      0.12734675407409668,
      0.12404501438140869,
      0.14773473143577576,
      0.08871503174304962,
      0.13775664567947388,
      0.056411899626255035,
      0.12557120621204376,
      0.21608872711658478,
      0.15646913647651672,
      0.11218402534723282,
      0.08494868129491806,
      0.1538018435239792
    ]
  },
  "statistics": {
    "t_stat": -1.220486145327578,
    "p_value": 0.22517973765367452,
    "effect_size_cohen_d": -0.12266347290273802,
    "pct_shuffle_exceeds_genuine": 37.0
  },
  "interpretation": "INCONCLUSIVE"
}