{
  "null_attributes": {
    "names": [
      "fruit_preference",
      "writing_style",
      "time_preference",
      "pet_preference",
      "season_preference"
    ],
    "similarity_matrix": [
      [
        1.0,
        0.014364281669259071,
        -0.0034013281110674143,
        -0.11812669038772583,
        -0.13165971636772156
      ],
      [
        0.014364281669259071,
        0.9999998807907104,
        -0.06047351285815239,
        -0.007263609208166599,
        -0.052637603133916855
      ],
      [
        -0.0034013281110674143,
        -0.06047351285815239,
        0.9999998211860657,
        -0.04816165566444397,
        0.05908895283937454
      ],
      [
        -0.11812669038772583,
        -0.007263609208166599,
        -0.04816165566444397,
        0.9999997615814209,
        0.1537279337644577
      ],
      [
        -0.13165971636772156,
        -0.052637603133916855,
        0.05908895283937454,
        0.1537279337644577,
        0.9999999403953552
      ]
    ],
    "off_diagonal": {
      "mean": 0.06489052623510361,
      "std": 0.05032110959291458,
      "max": 0.1537279337644577,
      "min": 0.0034013281110674143,
      "values": [
        0.014364281669259071,
        0.0034013281110674143,
        0.11812669038772583,
        0.13165971636772156,
        0.06047351285815239,
        0.007263609208166599,
        0.052637603133916855,
        0.04816165566444397,
        0.05908895283937454,
        0.1537279337644577
      ]
    }
  },
  "big_five": {
    "names": [
      "openness",
      "conscientiousness",
      "extraversion",
      "agreeableness",
      "neuroticism"
    ],
    "similarity_matrix": [
      [
        1.000000238418579,
        0.08338242024183273,
        0.32089436054229736,
        0.13729123771190643,
        0.17202897369861603
      ],
      [
        0.08338242024183273,
        1.0000003576278687,
        0.14779020845890045,
        0.20886996388435364,
        -0.14806461334228516
      ],
      [
        0.32089436054229736,
        0.14779020845890045,
        1.000000238418579,
        0.24044370651245117,
        -0.027548329904675484
      ],
      [
        0.13729123771190643,
        0.20886996388435364,
        0.24044370651245117,
        1.000000238418579,
        -0.1700904667377472
      ],
      [
        0.17202897369861603,
        -0.14806461334228516,
        -0.027548329904675484,
        -0.1700904667377472,
        1.000000238418579
      ]
    ],
    "off_diagonal": {
      "mean": 0.1656404286623001,
      "std": 0.07674356549978256,
      "max": 0.32089436054229736,
      "min": 0.027548329904675484,
      "values": [
        0.08338242024183273,
        0.32089436054229736,
        0.13729123771190643,
        0.17202897369861603,
        0.14779020845890045,
        0.20886996388435364,
        0.14806461334228516,
        0.24044370651245117,
        0.027548329904675484,
        0.1700904667377472
      ]
    }
  },
  "comparison": {
    "null_mean_off_diag": 0.06489052623510361,
    "b5_mean_off_diag": 0.1656404286623001,
    "ratio": 0.3917553626248083,
    "interpretation": "B5_HIGHER"
  }
}