{
  "model": "/data0/shizitong/models/DeepSeek-R1-Distill-Qwen-14B",
  "layer": 3,
  "n_permutations": 100,
  "genuine_big5": {
    "mean_off_diagonal": 0.20621070265769958,
    "std_off_diagonal": 0.10752085596323013,
    "pair_sims": {
      "openness-conscientiousness": 0.041690826416015625,
      "openness-extraversion": 0.23267346620559692,
      "openness-agreeableness": 0.3145025074481964,
      "openness-neuroticism": 0.34226953983306885,
      "conscientiousness-extraversion": 0.017283840104937553,
      "conscientiousness-agreeableness": 0.24593636393547058,
      "conscientiousness-neuroticism": 0.11017640680074692,
      "extraversion-agreeableness": 0.29179027676582336,
      "extraversion-neuroticism": 0.19854483008384705,
      "agreeableness-neuroticism": 0.2672390341758728
    }
  },
  "shuffle_baseline": {
    "mean": 0.15711138170212507,
    "std": 0.05743614371767403,
    "distribution": [
      0.10675879567861557,
      0.14798977971076965,
      0.09604795277118683,
      0.11821500211954117,
      0.11536745727062225,
      0.06178952381014824,
      0.15664854645729065,
      0.2525859773159027,
      0.16165265440940857,
      0.10422605276107788,
      0.22872841358184814,
      0.21355581283569336,
      0.13877110183238983,
      0.14957745373249054,
      0.11259597539901733,
      0.1472192257642746,
      0.1027085930109024,
      0.15656837821006775,
      0.14500096440315247,
      0.10389570891857147,
      0.16310974955558777,
      0.10809527337551117,
      0.1373405009508133,
      0.11963909864425659,
      0.21100804209709167,
      0.14510409533977509,
      0.15728925168514252,
      0.10806890577077866,
      0.10963539034128189,
      0.13892115652561188,
      0.22758987545967102,
      0.141975536942482,
      0.11844893544912338,
      0.11242715269327164,
      0.13629701733589172,
      0.12535199522972107,
      0.10378514230251312,
      0.21034137904644012,
      0.16471710801124573,
      0.2190653532743454,
      0.256255567073822,
      0.24546566605567932,
      0.18077442049980164,
      0.1957346647977829,
      0.08360781520605087,
      0.1843772828578949,
      0.12879925966262817,
      0.17355355620384216,
      0.12008901685476303,
      0.14809809625148773,
      0.24229733645915985,
      0.14575383067131042,
      0.054800741374492645,
      0.11965830624103546,
      0.16434291005134583,
      0.1584058701992035,
      0.09620477259159088,
      0.10792936384677887,
      0.33920717239379883,
      0.1235714703798294,
      0.14302757382392883,
      0.10525757074356079,
      0.20801854133605957,
      0.14603479206562042,
      0.13970917463302612,
      0.20536279678344727,
      0.1301749050617218,
      0.10525776445865631,
      0.10330194234848022,
      0.20398804545402527,
      0.11088065803050995,
      0.21692410111427307,
      0.29650697112083435,
      0.15019024908542633,
      0.22869472205638885,
      0.2677980661392212,
      0.19857415556907654,
      0.1696944534778595,
      0.10467959940433502,
      0.3124433755874634,
      0.18003928661346436,
      0.12922802567481995,
      0.10104607045650482,
      0.2418282926082611,
      0.17810316383838654,
      0.28249305486679077,
      0.22369365394115448,
      0.15361014008522034,
      0.06718304753303528,
      0.10721882432699203,
      0.14656226336956024,
      0.13700321316719055,
      0.07477433979511261,
      0.12075040489435196,
      0.0885448008775711,
      0.27111420035362244,
      0.19879421591758728,
      0.16927088797092438,
      0.0995904728770256,
      0.14672890305519104
    ]
  },
  "statistics": {
    "t_stat": -8.505655909177884,
    "p_value": 1.957545998991739e-13,
    "effect_size_cohen_d": -0.8548505832157914,
    "pct_shuffle_exceeds_genuine": 21.0
  },
  "interpretation": "INCONCLUSIVE"
}