{
  "model": "unsloth/Llama-3.1-8B-Instruct",
  "layer": 14,
  "n_permutations": 100,
  "genuine_big5": {
    "mean_off_diagonal": 0.16171014308929443,
    "std_off_diagonal": 0.11364089697599411,
    "pair_sims": {
      "openness-conscientiousness": 0.026539508253335953,
      "openness-extraversion": 0.391859769821167,
      "openness-agreeableness": 0.2492283284664154,
      "openness-neuroticism": 0.1257741004228592,
      "conscientiousness-extraversion": 0.040367983281612396,
      "conscientiousness-agreeableness": 0.012668726965785027,
      "conscientiousness-neuroticism": 0.2697422504425049,
      "extraversion-agreeableness": 0.15815475583076477,
      "extraversion-neuroticism": 0.1798616200685501,
      "agreeableness-neuroticism": 0.16290438175201416
    }
  },
  "shuffle_baseline": {
    "mean": 0.11955913495272398,
    "std": 0.030906576544244783,
    "distribution": [
      0.11628904193639755,
      0.13049516081809998,
      0.11030106246471405,
      0.14044708013534546,
      0.10920015722513199,
      0.10531418025493622,
      0.10277622938156128,
      0.14067934453487396,
      0.20713189244270325,
      0.12843582034111023,
      0.09310458600521088,
      0.12012672424316406,
      0.0893801599740982,
      0.13358135521411896,
      0.0957331657409668,
      0.15327855944633484,
      0.07450960576534271,
      0.12125477939844131,
      0.06957445293664932,
      0.09661783277988434,
      0.12309587001800537,
      0.1276446282863617,
      0.11029648780822754,
      0.06395178288221359,
      0.06460374593734741,
      0.10408921539783478,
      0.14286738634109497,
      0.08460382372140884,
      0.10252244770526886,
      0.11767474561929703,
      0.09315928816795349,
      0.1629483699798584,
      0.0671706572175026,
      0.0752219706773758,
      0.11440736055374146,
      0.13000105321407318,
      0.09484165161848068,
      0.12131251394748688,
      0.13816513121128082,
      0.1300630420446396,
      0.1547568440437317,
      0.08270622044801712,
      0.10739779472351074,
      0.10238613188266754,
      0.0904521495103836,
      0.09387488663196564,
      0.21361908316612244,
      0.10781283676624298,
      0.12982717156410217,
      0.07885892689228058,
      0.11055459082126617,
      0.1629893183708191,
      0.09742393344640732,
      0.11763028800487518,
      0.13633297383785248,
      0.09698936343193054,
      0.1316087692975998,
      0.11200784146785736,
      0.11876994371414185,
      0.0904422327876091,
      0.13786320388317108,
      0.12281131744384766,
      0.17026706039905548,
      0.13964775204658508,
      0.11940709501504898,
      0.10195471346378326,
      0.1730547845363617,
      0.13026323914527893,
      0.14281240105628967,
      0.08987797051668167,
      0.15621104836463928,
      0.12289466708898544,
      0.12997491657733917,
      0.14171865582466125,
      0.11012885719537735,
      0.08602763712406158,
      0.12047125399112701,
      0.1425570696592331,
      0.10933621972799301,
      0.17660170793533325,
      0.15080492198467255,
      0.1549939215183258,
      0.11314807832241058,
      0.17646777629852295,
      0.10068196058273315,
      0.15656761825084686,
      0.19178365170955658,
      0.16169022023677826,
      0.10990118980407715,
      0.08790881186723709,
      0.07811679691076279,
      0.0900038331747055,
      0.08657009154558182,
      0.14540362358093262,
      0.056554485112428665,
      0.10476966202259064,
      0.1279190480709076,
      0.16214555501937866,
      0.11803370714187622,
      0.11525330692529678
    ]
  },
  "statistics": {
    "t_stat": -13.569837958994604,
    "p_value": 2.535203760336842e-24,
    "effect_size_cohen_d": -1.3638200295288194,
    "pct_shuffle_exceeds_genuine": 10.0
  },
  "interpretation": "INCONCLUSIVE"
}