{
  "null_attributes": {
    "names": [
      "fruit_preference",
      "writing_style",
      "time_preference",
      "pet_preference",
      "season_preference"
    ],
    "similarity_matrix": [
      [
        1.0,
        -0.10282368062358499,
        0.0057445226560409735,
        0.055804969710091745,
        0.028991223083134867
      ],
      [
        -0.10282368062358499,
        0.9999999999999993,
        0.006916894809394756,
        -0.0725799272226704,
        -0.08821107024609982
      ],
      [
        0.0057445226560409735,
        0.006916894809394756,
        0.9999999999999997,
        0.006291971191898334,
        0.1291976789024698
      ],
      [
        0.055804969710091745,
        -0.0725799272226704,
        0.006291971191898334,
        0.9999999999999998,
        0.19438015193578528
      ],
      [
        0.028991223083134867,
        -0.08821107024609982,
        0.1291976789024698,
        0.19438015193578528,
        1.0
      ]
    ],
    "off_diagonal": {
      "mean": 0.0690942090381171,
      "std": 0.05867917182182786,
      "max": 0.19438015193578528,
      "min": 0.0057445226560409735,
      "values": [
        0.10282368062358499,
        0.0057445226560409735,
        0.055804969710091745,
        0.028991223083134867,
        0.006916894809394756,
        0.0725799272226704,
        0.08821107024609982,
        0.006291971191898334,
        0.1291976789024698,
        0.19438015193578528
      ]
    }
  },
  "big_five": {
    "names": [
      "openness",
      "conscientiousness",
      "extraversion",
      "agreeableness",
      "neuroticism"
    ],
    "similarity_matrix": [
      [
        1.0000004768371582,
        -0.07554841041564941,
        0.3605492413043976,
        0.0706925168633461,
        0.30320191383361816
      ],
      [
        -0.07554841041564941,
        1.000000238418579,
        -0.08740412443876266,
        0.12697985768318176,
        -0.054370783269405365
      ],
      [
        0.3605492413043976,
        -0.08740412443876266,
        1.0000001192092896,
        -0.12358660995960236,
        0.11447258293628693
      ],
      [
        0.0706925168633461,
        0.12697985768318176,
        -0.12358660995960236,
        0.9999998807907104,
        -0.17513059079647064
      ],
      [
        0.30320191383361816,
        -0.054370783269405365,
        0.11447258293628693,
        -0.17513059079647064,
        1.000000238418579
      ]
    ],
    "off_diagonal": {
      "mean": 0.149193674325943,
      "std": 0.09788388758897781,
      "max": 0.3605492413043976,
      "min": 0.054370783269405365,
      "values": [
        0.07554841041564941,
        0.3605492413043976,
        0.0706925168633461,
        0.30320191383361816,
        0.08740412443876266,
        0.12697985768318176,
        0.054370783269405365,
        0.12358660995960236,
        0.11447258293628693,
        0.17513059079647064
      ]
    }
  },
  "comparison": {
    "null_mean_off_diag": 0.0690942090381171,
    "b5_mean_off_diag": 0.149193674325943,
    "ratio": 0.4631175504187625,
    "interpretation": "B5_HIGHER"
  }
}