{
  "openness": {
    "mean": [
      1.296106404066086,
      1.551794958114624,
      0.014542105793952941,
      0.0003437498002313077,
      0.0002649098838446662,
      0.00040397864067927004,
      0.0005099162575788796,
      0.00023258643341250718,
      0.0001686341711319983,
      0.00013205307914176956,
      0.00012218152987770737,
      0.00011965271696681156,
      0.00011640126467682421,
      0.00011980315757682547,
      0.00010946693073492497,
      9.073564870050177e-05,
      7.550970040028914e-05,
      5.778998602181673e-05,
      5.502252097357996e-05,
      5.833689501741901e-05,
      4.024173395009711e-05,
      1.5444432392541785e-05,
      1.032438776746858e-05,
      9.506462811259553e-06,
      7.557382014056202e-06,
      3.670727664939477e-06,
      4.112357487429108e-07,
      0.0
    ],
    "std": [
      1.1925193370704659,
      1.0260670814335677,
      0.006182905914750825,
      7.416268650170342e-05,
      4.402864316825414e-05,
      9.575934597940001e-05,
      0.0001568939014436749,
      4.2295441474645734e-05,
      1.5646690352869023e-05,
      1.3175120521812652e-05,
      1.127264365785982e-05,
      1.2573527840145935e-05,
      1.4004963356218758e-05,
      1.6459185760600044e-05,
      1.5072291174348103e-05,
      1.2811941021178023e-05,
      1.0318203974098381e-05,
      9.155546608786054e-06,
      1.4229029197563594e-05,
      1.1995049462222515e-05,
      1.3711293264149645e-05,
      3.558564360432778e-06,
      1.6087163661683114e-06,
      1.253301543177507e-06,
      1.2825852914656222e-06,
      8.662319066115008e-07,
      1.6899903621360325e-07,
      0.0
    ]
  }
}