{
  "model": "unsloth/llama-3-8B-Instruct",
  "layer": 14,
  "n_permutations": 100,
  "genuine_big5": {
    "mean_off_diagonal": 0.1569535732269287,
    "std_off_diagonal": 0.09088653326034546,
    "pair_sims": {
      "openness-conscientiousness": 0.09887894243001938,
      "openness-extraversion": 0.363378643989563,
      "openness-agreeableness": 0.21967171132564545,
      "openness-neuroticism": 0.10406313091516495,
      "conscientiousness-extraversion": 0.0820946991443634,
      "conscientiousness-agreeableness": 0.03728125989437103,
      "conscientiousness-neuroticism": 0.2365655153989792,
      "extraversion-agreeableness": 0.09995723515748978,
      "extraversion-neuroticism": 0.15194004774093628,
      "agreeableness-neuroticism": 0.1757044792175293
    }
  },
  "shuffle_baseline": {
    "mean": 0.11183874122798443,
    "std": 0.028029130485256945,
    "distribution": [
      0.09357495605945587,
      0.09684081375598907,
      0.07407528162002563,
      0.13466644287109375,
      0.10854081809520721,
      0.10554434359073639,
      0.15589769184589386,
      0.13033215701580048,
      0.14901793003082275,
      0.1554926484823227,
      0.11041389405727386,
      0.09682011604309082,
      0.0857197642326355,
      0.11009963601827621,
      0.10041773319244385,
      0.14044855535030365,
      0.07668978720903397,
      0.16641205549240112,
      0.05817340686917305,
      0.09903154522180557,
      0.10888490825891495,
      0.14412133395671844,
      0.1324196457862854,
      0.08780615031719208,
      0.052165620028972626,
      0.07793720066547394,
      0.1575624942779541,
      0.09131547808647156,
      0.09474547952413559,
      0.11013436317443848,
      0.11022597551345825,
      0.1812455803155899,
      0.08342999964952469,
      0.06947250664234161,
      0.12988263368606567,
      0.1367941051721573,
      0.0740317851305008,
      0.12437991052865982,
      0.1400994062423706,
      0.12116459757089615,
      0.1396014541387558,
      0.1049453467130661,
      0.11106648296117783,
      0.1428144872188568,
      0.08322478830814362,
      0.10708127170801163,
      0.177511528134346,
      0.10876385867595673,
      0.11164183914661407,
      0.08329824358224869,
      0.09627985954284668,
      0.13394831120967865,
      0.10674905776977539,
      0.10785001516342163,
      0.11162642389535904,
      0.10794880241155624,
      0.07884188741445541,
      0.09918450564146042,
      0.09285667538642883,
      0.11007978767156601,
      0.11854903399944305,
      0.08486407995223999,
      0.1521313488483429,
      0.11200475692749023,
      0.13806982338428497,
      0.1035468578338623,
      0.13839028775691986,
      0.11004865169525146,
      0.10740403085947037,
      0.08600421994924545,
      0.1341441124677658,
      0.14680881798267365,
      0.14110635221004486,
      0.09203142672777176,
      0.11659424006938934,
      0.09968413412570953,
      0.11503801494836807,
      0.13477572798728943,
      0.07503044605255127,
      0.1591358482837677,
      0.10505044460296631,
      0.12293384224176407,
      0.09133933484554291,
      0.16764120757579803,
      0.09596996009349823,
      0.1505480855703354,
      0.13496050238609314,
      0.11743251979351044,
      0.1085132360458374,
      0.08875392377376556,
      0.0439227856695652,
      0.07062707841396332,
      0.09030815958976746,
      0.11677181720733643,
      0.06549324095249176,
      0.1134394183754921,
      0.10969861596822739,
      0.1582132875919342,
      0.08051159232854843,
      0.0950394794344902
    ]
  },
  "statistics": {
    "t_stat": -16.015013769241367,
    "p_value": 3.0960843473810957e-29,
    "effect_size_cohen_d": -1.6095694449410296,
    "pct_shuffle_exceeds_genuine": 7.000000000000001
  },
  "interpretation": "INCONCLUSIVE"
}