{
  "null_attributes": {
    "names": [
      "fruit_preference",
      "writing_style",
      "time_preference",
      "pet_preference",
      "season_preference"
    ],
    "similarity_matrix": [
      [
        1.0,
        0.10726932226639793,
        -0.1274781819593523,
        0.20521322882397922,
        0.16907546631255943
      ],
      [
        0.10726932226639793,
        1.0000000000000004,
        -0.060398550315519065,
        0.018133650830517014,
        0.05673582902315557
      ],
      [
        -0.1274781819593523,
        -0.060398550315519065,
        1.0,
        -0.09473299094961835,
        -0.15606457495582995
      ],
      [
        0.20521322882397922,
        0.018133650830517014,
        -0.09473299094961835,
        1.0000000000000004,
        0.02216111710342609
      ],
      [
        0.16907546631255943,
        0.05673582902315557,
        -0.15606457495582995,
        0.02216111710342609,
        0.9999999999999999
      ]
    ],
    "off_diagonal": {
      "mean": 0.10172629125403547,
      "std": 0.059992806530948364,
      "max": 0.20521322882397922,
      "min": 0.018133650830517014,
      "values": [
        0.10726932226639793,
        0.1274781819593523,
        0.20521322882397922,
        0.16907546631255943,
        0.060398550315519065,
        0.018133650830517014,
        0.05673582902315557,
        0.09473299094961835,
        0.15606457495582995,
        0.02216111710342609
      ]
    }
  },
  "big_five": {
    "names": [
      "openness",
      "conscientiousness",
      "extraversion",
      "agreeableness",
      "neuroticism"
    ],
    "similarity_matrix": [
      [
        1.000000238418579,
        -0.014446254819631577,
        0.38700488209724426,
        0.1036636233329773,
        0.0649215579032898
      ],
      [
        -0.014446254819631577,
        0.9999998807907104,
        0.17410218715667725,
        0.3087359666824341,
        -0.35096222162246704
      ],
      [
        0.38700488209724426,
        0.17410218715667725,
        1.000000238418579,
        -0.03300683572888374,
        -0.0665840357542038
      ],
      [
        0.1036636233329773,
        0.3087359666824341,
        -0.03300683572888374,
        1.000000238418579,
        -0.2575022280216217
      ],
      [
        0.0649215579032898,
        -0.35096222162246704,
        -0.0665840357542038,
        -0.2575022280216217,
        0.9999998807907104
      ]
    ],
    "off_diagonal": {
      "mean": 0.1760929673910141,
      "std": 0.13247238099575043,
      "max": 0.38700488209724426,
      "min": 0.014446254819631577,
      "values": [
        0.014446254819631577,
        0.38700488209724426,
        0.1036636233329773,
        0.0649215579032898,
        0.17410218715667725,
        0.3087359666824341,
        0.35096222162246704,
        0.03300683572888374,
        0.0665840357542038,
        0.2575022280216217
      ]
    }
  },
  "comparison": {
    "null_mean_off_diag": 0.10172629125403547,
    "b5_mean_off_diag": 0.1760929673910141,
    "ratio": 0.577685143838731,
    "interpretation": "B5_HIGHER"
  }
}