{
  "model": "Qwen/Qwen2.5-7B-Instruct",
  "layer": 2,
  "n_permutations": 100,
  "genuine_big5": {
    "mean_off_diagonal": 0.2068205624818802,
    "std_off_diagonal": 0.14076527953147888,
    "pair_sims": {
      "openness-conscientiousness": 0.06194377318024635,
      "openness-extraversion": 0.48728010058403015,
      "openness-agreeableness": 0.09071482717990875,
      "openness-neuroticism": 0.3480343818664551,
      "conscientiousness-extraversion": 0.08963768184185028,
      "conscientiousness-agreeableness": 0.3442555367946625,
      "conscientiousness-neuroticism": 0.1788388043642044,
      "extraversion-agreeableness": 0.2395305335521698,
      "extraversion-neuroticism": 0.1957463026046753,
      "agreeableness-neuroticism": 0.03222338482737541
    }
  },
  "shuffle_baseline": {
    "mean": 0.15814266704022883,
    "std": 0.043020921730204525,
    "distribution": [
      0.1065078005194664,
      0.1258791983127594,
      0.1124873161315918,
      0.13292475044727325,
      0.15631327033042908,
      0.09745720773935318,
      0.2169674187898636,
      0.2148672640323639,
      0.1487506628036499,
      0.10760468244552612,
      0.1520407646894455,
      0.17024032771587372,
      0.0964575931429863,
      0.16230423748493195,
      0.1213083490729332,
      0.17521876096725464,
      0.16607341170310974,
      0.1604636013507843,
      0.1439220905303955,
      0.061266638338565826,
      0.13603408634662628,
      0.08457449078559875,
      0.1359734684228897,
      0.1625383496284485,
      0.23246975243091583,
      0.16480864584445953,
      0.19791443645954132,
      0.1369263231754303,
      0.15478196740150452,
      0.14734932780265808,
      0.1838267594575882,
      0.11561016738414764,
      0.1401490420103073,
      0.14402279257774353,
      0.11840716749429703,
      0.18602348864078522,
      0.24119897186756134,
      0.1680876910686493,
      0.1425437033176422,
      0.12724216282367706,
      0.17556025087833405,
      0.18791043758392334,
      0.1080719381570816,
      0.2071266919374466,
      0.09221534430980682,
      0.18346375226974487,
      0.11555789411067963,
      0.17845231294631958,
      0.12170827388763428,
      0.18431764841079712,
      0.2235095202922821,
      0.12019632011651993,
      0.11758558452129364,
      0.145263671875,
      0.19331464171409607,
      0.13245916366577148,
      0.11676903814077377,
      0.12015064060688019,
      0.2785780429840088,
      0.20182760059833527,
      0.11661042273044586,
      0.15590806305408478,
      0.18733005225658417,
      0.16334524750709534,
      0.11683057248592377,
      0.29200685024261475,
      0.1503157764673233,
      0.1627434343099594,
      0.17435689270496368,
      0.18840733170509338,
      0.14088043570518494,
      0.2192433625459671,
      0.2538408637046814,
      0.15299996733665466,
      0.19309458136558533,
      0.16805846989154816,
      0.17873427271842957,
      0.1743837296962738,
      0.160236194729805,
      0.22758018970489502,
      0.14581868052482605,
      0.08916573226451874,
      0.14368192851543427,
      0.18086738884449005,
      0.13826532661914825,
      0.2009941041469574,
      0.18861860036849976,
      0.23502559959888458,
      0.131816104054451,
      0.14113593101501465,
      0.21336741745471954,
      0.10884997993707657,
      0.14432500302791595,
      0.14580371975898743,
      0.09161794185638428,
      0.2172483205795288,
      0.18131586909294128,
      0.16235606372356415,
      0.09583494067192078,
      0.1276744306087494
    ]
  },
  "statistics": {
    "t_stat": -11.258218671597588,
    "p_value": 2.0168680359085094e-19,
    "effect_size_cohen_d": -1.1314935497149898,
    "pct_shuffle_exceeds_genuine": 14.000000000000002
  },
  "interpretation": "INCONCLUSIVE"
}