{
  "null_attributes": {
    "names": [
      "fruit_preference",
      "writing_style",
      "time_preference",
      "pet_preference",
      "season_preference"
    ],
    "similarity_matrix": [
      [
        1.0000000000000009,
        0.10945617886210066,
        0.009366826929147367,
        -0.2161289638623853,
        0.1024942056827974
      ],
      [
        0.10945617886210066,
        1.0000000000000004,
        -0.177061216752313,
        -0.0925226176267125,
        -0.06546322348254122
      ],
      [
        0.009366826929147367,
        -0.177061216752313,
        1.0000000000000004,
        -0.1995776361689089,
        0.2244942410823191
      ],
      [
        -0.2161289638623853,
        -0.0925226176267125,
        -0.1995776361689089,
        1.0,
        -0.16705749147411353
      ],
      [
        0.1024942056827974,
        -0.06546322348254122,
        0.2244942410823191,
        -0.16705749147411353,
        1.0000000000000004
      ]
    ],
    "off_diagonal": {
      "mean": 0.1363622601923339,
      "std": 0.06758118760685089,
      "max": 0.2244942410823191,
      "min": 0.009366826929147367,
      "values": [
        0.10945617886210066,
        0.009366826929147367,
        0.2161289638623853,
        0.1024942056827974,
        0.177061216752313,
        0.0925226176267125,
        0.06546322348254122,
        0.1995776361689089,
        0.2244942410823191,
        0.16705749147411353
      ]
    }
  },
  "big_five": {
    "names": [
      "openness",
      "conscientiousness",
      "extraversion",
      "agreeableness",
      "neuroticism"
    ],
    "similarity_matrix": [
      [
        1.000000238418579,
        -0.15425491333007812,
        0.28304803371429443,
        0.08836083114147186,
        0.1127239242196083
      ],
      [
        -0.15425491333007812,
        0.9999997615814209,
        0.015085451304912567,
        -0.02061065472662449,
        -0.09755486994981766
      ],
      [
        0.28304803371429443,
        0.015085451304912567,
        1.000000238418579,
        -0.07521966844797134,
        0.010077377781271935
      ],
      [
        0.08836083114147186,
        -0.02061065472662449,
        -0.07521966844797134,
        1.0000001192092896,
        -0.14543849229812622
      ],
      [
        0.1127239242196083,
        -0.09755486994981766,
        0.010077377781271935,
        -0.14543849229812622,
        1.000000238418579
      ]
    ],
    "off_diagonal": {
      "mean": 0.1002374142408371,
      "std": 0.07812228053808212,
      "max": 0.28304803371429443,
      "min": 0.010077377781271935,
      "values": [
        0.15425491333007812,
        0.28304803371429443,
        0.08836083114147186,
        0.1127239242196083,
        0.015085451304912567,
        0.02061065472662449,
        0.09755486994981766,
        0.07521966844797134,
        0.010077377781271935,
        0.14543849229812622
      ]
    }
  },
  "comparison": {
    "null_mean_off_diag": 0.1363622601923339,
    "b5_mean_off_diag": 0.1002374142408371,
    "ratio": 1.3603928342431257,
    "interpretation": "NULL_HIGHER"
  }
}