{
  "null_attributes": {
    "names": [
      "fruit_preference",
      "writing_style",
      "time_preference",
      "pet_preference",
      "season_preference"
    ],
    "similarity_matrix": [
      [
        0.9999999999999993,
        0.09646331752617664,
        0.11953568333359442,
        -0.16963690318801097,
        0.06622701302804708
      ],
      [
        0.09646331752617664,
        1.0,
        0.04869795663064576,
        0.039191051418323186,
        -0.09660088486818527
      ],
      [
        0.11953568333359442,
        0.04869795663064576,
        1.0000000000000004,
        -0.261639869655277,
        0.3036475785547857
      ],
      [
        -0.16963690318801097,
        0.039191051418323186,
        -0.261639869655277,
        0.9999999999999997,
        -0.07875047219777152
      ],
      [
        0.06622701302804708,
        -0.09660088486818527,
        0.3036475785547857,
        -0.07875047219777152,
        1.0000000000000002
      ]
    ],
    "off_diagonal": {
      "mean": 0.12803907304008175,
      "std": 0.0853900906556285,
      "max": 0.3036475785547857,
      "min": 0.039191051418323186,
      "values": [
        0.09646331752617664,
        0.11953568333359442,
        0.16963690318801097,
        0.06622701302804708,
        0.04869795663064576,
        0.039191051418323186,
        0.09660088486818527,
        0.261639869655277,
        0.3036475785547857,
        0.07875047219777152
      ]
    }
  },
  "big_five": {
    "names": [
      "openness",
      "conscientiousness",
      "extraversion",
      "agreeableness",
      "neuroticism"
    ],
    "similarity_matrix": [
      [
        1.000000238418579,
        0.5717877745628357,
        0.5739474296569824,
        0.4689728319644928,
        -0.3469284772872925
      ],
      [
        0.5717877745628357,
        1.0000003576278687,
        0.3890704810619354,
        0.5681392550468445,
        -0.4357874393463135
      ],
      [
        0.5739474296569824,
        0.3890704810619354,
        1.000000238418579,
        0.21371300518512726,
        -0.19175182282924652
      ],
      [
        0.4689728319644928,
        0.5681392550468445,
        0.21371300518512726,
        1.000000238418579,
        -0.4191508889198303
      ],
      [
        -0.3469284772872925,
        -0.4357874393463135,
        -0.19175182282924652,
        -0.4191508889198303,
        1.000000238418579
      ]
    ],
    "off_diagonal": {
      "mean": 0.4179249405860901,
      "std": 0.13123928010463715,
      "max": 0.5739474296569824,
      "min": 0.19175182282924652,
      "values": [
        0.5717877745628357,
        0.5739474296569824,
        0.4689728319644928,
        0.3469284772872925,
        0.3890704810619354,
        0.5681392550468445,
        0.4357874393463135,
        0.21371300518512726,
        0.19175182282924652,
        0.4191508889198303
      ]
    }
  },
  "comparison": {
    "null_mean_off_diag": 0.12803907304008175,
    "b5_mean_off_diag": 0.4179249405860901,
    "ratio": 0.30636858577974624,
    "interpretation": "B5_HIGHER"
  }
}