{
  "model": "unsloth/gemma-2-2b-it",
  "layer": 8,
  "n_permutations": 100,
  "genuine_big5": {
    "mean_off_diagonal": 0.2564065158367157,
    "std_off_diagonal": 0.16864508390426636,
    "pair_sims": {
      "openness-conscientiousness": 0.16680379211902618,
      "openness-extraversion": 0.43687260150909424,
      "openness-agreeableness": 0.16237230598926544,
      "openness-neuroticism": 0.040001031011343,
      "conscientiousness-extraversion": 0.21575555205345154,
      "conscientiousness-agreeableness": 0.47480109333992004,
      "conscientiousness-neuroticism": 0.5289690494537354,
      "extraversion-agreeableness": 0.011392039246857166,
      "extraversion-neuroticism": 0.21681517362594604,
      "agreeableness-neuroticism": 0.3102826476097107
    }
  },
  "shuffle_baseline": {
    "mean": 0.1554356401413679,
    "std": 0.048341380457984584,
    "distribution": [
      0.1500890702009201,
      0.2984667122364044,
      0.18306615948677063,
      0.2670104205608368,
      0.19198077917099,
      0.10806693881750107,
      0.13333797454833984,
      0.21377205848693848,
      0.16565664112567902,
      0.19015035033226013,
      0.23297396302223206,
      0.25534653663635254,
      0.17569994926452637,
      0.15093807876110077,
      0.18965324759483337,
      0.1384703516960144,
      0.12807439267635345,
      0.17856428027153015,
      0.17009469866752625,
      0.1586262434720993,
      0.08973830938339233,
      0.12845230102539062,
      0.11232783645391464,
      0.1627284586429596,
      0.1199178472161293,
      0.11800254881381989,
      0.1798580437898636,
      0.08281565457582474,
      0.09763804823160172,
      0.10344616323709488,
      0.0760931745171547,
      0.252850741147995,
      0.16275213658809662,
      0.18043355643749237,
      0.135687917470932,
      0.1787520945072174,
      0.14289849996566772,
      0.13176223635673523,
      0.16507132351398468,
      0.09567151218652725,
      0.15541744232177734,
      0.18662354350090027,
      0.12969860434532166,
      0.2088143527507782,
      0.1286391019821167,
      0.16349926590919495,
      0.10075157880783081,
      0.1140531674027443,
      0.1903187334537506,
      0.16247954964637756,
      0.14775335788726807,
      0.14794346690177917,
      0.07625380903482437,
      0.09119896590709686,
      0.1476190984249115,
      0.08520115911960602,
      0.09991306066513062,
      0.22063589096069336,
      0.14605510234832764,
      0.17731145024299622,
      0.14430055022239685,
      0.21149206161499023,
      0.12345390021800995,
      0.3002472221851349,
      0.11677224934101105,
      0.15458866953849792,
      0.21512830257415771,
      0.1492864191532135,
      0.10068446397781372,
      0.12211138010025024,
      0.1623736321926117,
      0.08596477657556534,
      0.18473698198795319,
      0.18915098905563354,
      0.13782864809036255,
      0.14975860714912415,
      0.16457930207252502,
      0.12913769483566284,
      0.16404658555984497,
      0.18690767884254456,
      0.28363701701164246,
      0.11047613620758057,
      0.14399342238903046,
      0.14267098903656006,
      0.1595153510570526,
      0.17858919501304626,
      0.15188029408454895,
      0.18826749920845032,
      0.14180521667003632,
      0.10156933218240738,
      0.14568573236465454,
      0.12942790985107422,
      0.09477879106998444,
      0.08920945972204208,
      0.2468058317899704,
      0.12027641385793686,
      0.11621439456939697,
      0.1978181004524231,
      0.21514494717121124,
      0.11612991243600845
    ]
  },
  "statistics": {
    "t_stat": -20.782350830432552,
    "p_value": 6.95704372745589e-38,
    "effect_size_cohen_d": -2.0887048474136334,
    "pct_shuffle_exceeds_genuine": 4.0
  },
  "interpretation": "INCONCLUSIVE"
}