{
  "model": "Qwen/Qwen2.5-0.5B-Instruct",
  "layer": 11,
  "n_permutations": 100,
  "genuine_big5": {
    "mean_off_diagonal": 0.4179249405860901,
    "std_off_diagonal": 0.13123928010463715,
    "pair_sims": {
      "openness-conscientiousness": 0.5717877745628357,
      "openness-extraversion": 0.5739474296569824,
      "openness-agreeableness": 0.4689728319644928,
      "openness-neuroticism": 0.3469284772872925,
      "conscientiousness-extraversion": 0.3890704810619354,
      "conscientiousness-agreeableness": 0.5681392550468445,
      "conscientiousness-neuroticism": 0.4357874393463135,
      "extraversion-agreeableness": 0.21371300518512726,
      "extraversion-neuroticism": 0.19175182282924652,
      "agreeableness-neuroticism": 0.4191508889198303
    }
  },
  "shuffle_baseline": {
    "mean": 0.14482498478144407,
    "std": 0.03507619305459488,
    "distribution": [
      0.23109643161296844,
      0.23041899502277374,
      0.15291574597358704,
      0.14219382405281067,
      0.18932439386844635,
      0.1037534847855568,
      0.10873402655124664,
      0.17874997854232788,
      0.19310149550437927,
      0.2241278439760208,
      0.20633502304553986,
      0.15680576860904694,
      0.13740293681621552,
      0.1530340164899826,
      0.14805734157562256,
      0.15918536484241486,
      0.12166628986597061,
      0.0835287943482399,
      0.15464115142822266,
      0.18884198367595673,
      0.12573283910751343,
      0.1086701974272728,
      0.09349115937948227,
      0.14269796013832092,
      0.1616584211587906,
      0.1243601068854332,
      0.1870822161436081,
      0.10988663136959076,
      0.09652316570281982,
      0.14003582298755646,
      0.13572058081626892,
      0.16382892429828644,
      0.12555351853370667,
      0.11391834169626236,
      0.1504383385181427,
      0.18663780391216278,
      0.17684738337993622,
      0.09083437919616699,
      0.20171532034873962,
      0.12696175277233124,
      0.14510087668895721,
      0.12787723541259766,
      0.08026281744241714,
      0.16432370245456696,
      0.13052017986774445,
      0.1269885152578354,
      0.15853653848171234,
      0.1130918487906456,
      0.1451234221458435,
      0.1682039499282837,
      0.11412583291530609,
      0.154669851064682,
      0.13540399074554443,
      0.13506412506103516,
      0.07763683795928955,
      0.16874605417251587,
      0.11216914653778076,
      0.1419057995080948,
      0.11328525841236115,
      0.18534940481185913,
      0.1074836254119873,
      0.14576943218708038,
      0.12417902052402496,
      0.1513870656490326,
      0.1259630173444748,
      0.12567193806171417,
      0.15069493651390076,
      0.1628044843673706,
      0.11220671236515045,
      0.17862601578235626,
      0.13917525112628937,
      0.1364128291606903,
      0.19835515320301056,
      0.13437756896018982,
      0.15917830169200897,
      0.12596583366394043,
      0.15900994837284088,
      0.12919609248638153,
      0.20448294281959534,
      0.16117724776268005,
      0.1725914627313614,
      0.12544313073158264,
      0.053446780890226364,
      0.15545444190502167,
      0.14183291792869568,
      0.1122632622718811,
      0.16662058234214783,
      0.20038267970085144,
      0.15551342070102692,
      0.1088934987783432,
      0.18579745292663574,
      0.08083800971508026,
      0.10982812941074371,
      0.17128291726112366,
      0.1729881465435028,
      0.15983356535434723,
      0.11423685401678085,
      0.2045188844203949,
      0.13719311356544495,
      0.09652666747570038
    ]
  },
  "statistics": {
    "t_stat": -77.46879049190315,
    "p_value": 2.0661689509272893e-90,
    "effect_size_cohen_d": -7.785906394453625,
    "pct_shuffle_exceeds_genuine": 0.0
  },
  "interpretation": "INCONCLUSIVE"
}