{
  "model": "Qwen_Qwen3-0.6B",
  "layer": 5,
  "within_mature": 0.2453659474849701,
  "within_neurotic": 0.44430962204933167,
  "within_immature": 0.5392990708351135,
  "between_mature_immature": 0.3375761806964874,
  "between_neurotic_immature": 0.4443250000476837,
  "immature_mature_ratio": 2.1979377269744873
}