{
  "Qwen_Qwen3-0.6B": {
    "model": "Qwen_Qwen3-0.6B",
    "layer": 14,
    "mechanisms": [
      "humor",
      "sublimation",
      "rationalization",
      "intellectualization",
      "displacement",
      "projection",
      "denial",
      "regression",
      "reaction_formation"
    ],
    "cosine_matrix": [
      [
        1.0000001192092896,
        0.3238888382911682,
        0.48290306329727173,
        0.4766460657119751,
        0.34671950340270996,
        0.38391923904418945,
        0.4155714809894562,
        0.33387938141822815,
        0.3903640806674957
      ],
      [
        0.3238888382911682,
        1.0,
        0.4474294185638428,
        0.3789488971233368,
        0.33310621976852417,
        0.5209931135177612,
        0.2983463406562805,
        0.3721023201942444,
        0.38642048835754395
      ],
      [
        0.48290306329727173,
        0.4474294185638428,
        1.0,
        0.4923386573791504,
        0.3983955681324005,
        0.6590578556060791,
        0.5945063233375549,
        0.4580967128276825,
        0.5190125703811646
      ],
      [
        0.4766460657119751,
        0.3789488971233368,
        0.4923386573791504,
        1.0,
        0.33903998136520386,
        0.43125659227371216,
        0.5685216784477234,
        0.3225151300430298,
        0.36623185873031616
      ],
      [
        0.34671950340270996,
        0.33310621976852417,
        0.3983955681324005,
        0.33903998136520386,
        1.0000001192092896,
        0.4412294328212738,
        0.3183862566947937,
        0.18882066011428833,
        0.4223145544528961
      ],
      [
        0.38391923904418945,
        0.5209931135177612,
        0.6590578556060791,
        0.43125659227371216,
        0.4412294328212738,
        1.0000001192092896,
        0.5694207549095154,
        0.4771403670310974,
        0.5586115121841431
      ],
      [
        0.4155714809894562,
        0.2983463406562805,
        0.5945063233375549,
        0.5685216784477234,
        0.3183862566947937,
        0.5694207549095154,
        1.0000001192092896,
        0.592116117477417,
        0.41592341661453247
      ],
      [
        0.33387938141822815,
        0.3721023201942444,
        0.4580967128276825,
        0.3225151300430298,
        0.18882066011428833,
        0.4771403670310974,
        0.592116117477417,
        1.0000001192092896,
        0.4181042015552521
      ],
      [
        0.3903640806674957,
        0.38642048835754395,
        0.5190125703811646,
        0.36623185873031616,
        0.4223145544528961,
        0.5586115121841431,
        0.41592341661453247,
        0.4181042015552521,
        1.0
      ]
    ],
    "statistics": {
      "within_mature": {
        "mean": 0.3238888382911682,
        "values": [
          0.3238888382911682
        ]
      },
      "within_neurotic": {
        "mean": 0.4099247356255849,
        "values": [
          0.4923386573791504,
          0.3983955681324005,
          0.33903998136520386
        ]
      },
      "within_immature": {
        "mean": 0.5052193949619929,
        "values": [
          0.5694207549095154,
          0.4771403670310974,
          0.5586115121841431,
          0.592116117477417,
          0.41592341661453247,
          0.4181042015552521
        ]
      },
      "between_mature_neurotic": {
        "mean": 0.41095886131127674,
        "values": [
          0.48290306329727173,
          0.4766460657119751,
          0.34671950340270996,
          0.4474294185638428,
          0.3789488971233368,
          0.33310621976852417
        ]
      },
      "between_mature_immature": {
        "mean": 0.38769955560564995,
        "values": [
          0.38391923904418945,
          0.4155714809894562,
          0.33387938141822815,
          0.3903640806674957,
          0.5209931135177612,
          0.2983463406562805,
          0.3721023201942444,
          0.38642048835754395
        ]
      },
      "between_neurotic_immature": {
        "mean": 0.4408291354775429,
        "values": [
          0.6590578556060791,
          0.5945063233375549,
          0.4580967128276825,
          0.5190125703811646,
          0.43125659227371216,
          0.5685216784477234,
          0.3225151300430298,
          0.36623185873031616,
          0.4412294328212738,
          0.3183862566947937,
          0.18882066011428833,
          0.4223145544528961
        ]
      }
    },
    "overall_mean": 0.4289521848162015,
    "vaillant_hierarchy": {
      "humor": "mature",
      "sublimation": "mature",
      "rationalization": "neurotic",
      "intellectualization": "neurotic",
      "displacement": "neurotic",
      "projection": "immature",
      "denial": "immature",
      "regression": "immature",
      "reaction_formation": "immature"
    },
    "immature_mature_ratio": 1.559854293304831
  }
}