{
  "model": "Qwen_Qwen2.5-0.5B-Instruct",
  "layer": 12,
  "mechanisms": [
    "humor",
    "sublimation",
    "rationalization",
    "intellectualization",
    "displacement",
    "projection",
    "denial",
    "regression",
    "reaction_formation"
  ],
  "cosine_matrix": [
    [
      1.0,
      0.029987642541527748,
      0.3218613564968109,
      0.24187907576560974,
      0.1464863419532776,
      0.40605640411376953,
      0.3042598068714142,
      0.29486560821533203,
      0.3372747302055359
    ],
    [
      0.029987642541527748,
      1.0,
      0.03710561990737915,
      0.1682286262512207,
      0.45785796642303467,
      0.09590939432382584,
      0.055860988795757294,
      0.014824487268924713,
      0.09933902323246002
    ],
    [
      0.3218613564968109,
      0.03710561990737915,
      1.0,
      0.37636202573776245,
      0.004214517772197723,
      0.20369820296764374,
      0.4522861838340759,
      -0.014561306685209274,
      0.41142067313194275
    ],
    [
      0.24187907576560974,
      0.1682286262512207,
      0.37636202573776245,
      1.0,
      0.18634721636772156,
      0.3157278299331665,
      0.3720187544822693,
      0.2641147971153259,
      0.4040106534957886
    ],
    [
      0.1464863419532776,
      0.45785796642303467,
      0.004214517772197723,
      0.18634721636772156,
      1.0,
      0.2916910648345947,
      0.044207509607076645,
      0.36153125762939453,
      0.39618873596191406
    ],
    [
      0.40605640411376953,
      0.09590939432382584,
      0.20369820296764374,
      0.3157278299331665,
      0.2916910648345947,
      1.0,
      0.3888923227787018,
      0.5214316844940186,
      0.6746887564659119
    ],
    [
      0.3042598068714142,
      0.055860988795757294,
      0.4522861838340759,
      0.3720187544822693,
      0.044207509607076645,
      0.3888923227787018,
      1.0,
      0.47775381803512573,
      0.439204603433609
    ],
    [
      0.29486560821533203,
      0.014824487268924713,
      -0.014561306685209274,
      0.2641147971153259,
      0.36153125762939453,
      0.5214316844940186,
      0.47775381803512573,
      1.0000001192092896,
      0.5638478994369507
    ],
    [
      0.3372747302055359,
      0.09933902323246002,
      0.41142067313194275,
      0.4040106534957886,
      0.39618873596191406,
      0.6746887564659119,
      0.439204603433609,
      0.5638478994369507,
      1.0
    ]
  ],
  "statistics": {
    "within_mature": {
      "mean": 0.029987642541527748,
      "values": [
        0.029987642541527748
      ]
    },
    "within_neurotic": {
      "mean": 0.18897458662589392,
      "values": [
        0.37636202573776245,
        0.004214517772197723,
        0.18634721636772156
      ]
    },
    "within_immature": {
      "mean": 0.5109698474407196,
      "values": [
        0.3888923227787018,
        0.5214316844940186,
        0.6746887564659119,
        0.47775381803512573,
        0.439204603433609,
        0.5638478994369507
      ]
    },
    "between_mature_neurotic": {
      "mean": 0.22890316446622214,
      "values": [
        0.3218613564968109,
        0.24187907576560974,
        0.1464863419532776,
        0.03710561990737915,
        0.1682286262512207,
        0.45785796642303467
      ]
    },
    "between_mature_immature": {
      "mean": 0.20104880537837744,
      "values": [
        0.40605640411376953,
        0.3042598068714142,
        0.29486560821533203,
        0.3372747302055359,
        0.09590939432382584,
        0.055860988795757294,
        0.014824487268924713,
        0.09933902323246002
      ]
    },
    "between_neurotic_immature": {
      "mean": 0.2942880808065335,
      "values": [
        0.20369820296764374,
        0.4522861838340759,
        0.014561306685209274,
        0.41142067313194275,
        0.3157278299331665,
        0.3720187544822693,
        0.2641147971153259,
        0.4040106534957886,
        0.2916910648345947,
        0.044207509607076645,
        0.36153125762939453,
        0.39618873596191406
      ]
    }
  },
  "overall_mean": 0.2826665801823967,
  "vaillant_hierarchy": {
    "humor": "mature",
    "sublimation": "mature",
    "rationalization": "neurotic",
    "intellectualization": "neurotic",
    "displacement": "neurotic",
    "projection": "immature",
    "denial": "immature",
    "regression": "immature",
    "reaction_formation": "immature"
  }
}