{
  "null_attributes": {
    "names": [
      "fruit_preference",
      "writing_style",
      "time_preference",
      "pet_preference",
      "season_preference"
    ],
    "similarity_matrix": [
      [
        0.9999999999999999,
        -0.06114791121101881,
        0.030837900868643523,
        -0.04841805527807665,
        0.06153134217166442
      ],
      [
        -0.06114791121101881,
        1.0,
        0.07625327713037659,
        0.29159166767397543,
        -0.11827525379208662
      ],
      [
        0.030837900868643523,
        0.07625327713037659,
        1.0,
        0.12034473985073156,
        0.003781245810607417
      ],
      [
        -0.04841805527807665,
        0.29159166767397543,
        0.12034473985073156,
        1.0000000000000004,
        -0.11340877080395227
      ],
      [
        0.06153134217166442,
        -0.11827525379208662,
        0.003781245810607417,
        -0.11340877080395227,
        1.0000000000000004
      ]
    ],
    "off_diagonal": {
      "mean": 0.09255901645911334,
      "std": 0.07572103020793275,
      "max": 0.29159166767397543,
      "min": 0.003781245810607417,
      "values": [
        0.06114791121101881,
        0.030837900868643523,
        0.04841805527807665,
        0.06153134217166442,
        0.07625327713037659,
        0.29159166767397543,
        0.11827525379208662,
        0.12034473985073156,
        0.003781245810607417,
        0.11340877080395227
      ]
    }
  },
  "big_five": {
    "names": [
      "openness",
      "conscientiousness",
      "extraversion",
      "agreeableness",
      "neuroticism"
    ],
    "similarity_matrix": [
      [
        0.9999998807907104,
        0.021062688902020454,
        0.30702048540115356,
        0.21412616968154907,
        0.1476939171552658
      ],
      [
        0.021062688902020454,
        1.0000003576278687,
        -0.007414362858980894,
        0.03966481611132622,
        -0.2526022493839264
      ],
      [
        0.30702048540115356,
        -0.007414362858980894,
        0.9999998807907104,
        0.22554895281791687,
        -0.07626639306545258
      ],
      [
        0.21412616968154907,
        0.03966481611132622,
        0.22554895281791687,
        1.0000001192092896,
        -0.03838822990655899
      ],
      [
        0.1476939171552658,
        -0.2526022493839264,
        -0.07626639306545258,
        -0.03838822990655899,
        1.0000003576278687
      ]
    ],
    "off_diagonal": {
      "mean": 0.13297882676124573,
      "std": 0.10446710139513016,
      "max": 0.30702048540115356,
      "min": 0.007414362858980894,
      "values": [
        0.021062688902020454,
        0.30702048540115356,
        0.21412616968154907,
        0.1476939171552658,
        0.007414362858980894,
        0.03966481611132622,
        0.2526022493839264,
        0.22554895281791687,
        0.07626639306545258,
        0.03838822990655899
      ]
    }
  },
  "comparison": {
    "null_mean_off_diag": 0.09255901645911334,
    "b5_mean_off_diag": 0.13297882676124573,
    "ratio": 0.6960432622532632,
    "interpretation": "SIMILAR"
  }
}