{
  "model": "Qwen/Qwen3-0.6B",
  "layer": 11,
  "n_permutations": 200,
  "genuine_big5": {
    "mean_off_diagonal": 0.1002374142408371,
    "std_off_diagonal": 0.07812228053808212,
    "pair_sims": {
      "openness-conscientiousness": 0.15425491333007812,
      "openness-extraversion": 0.28304803371429443,
      "openness-agreeableness": 0.08836083114147186,
      "openness-neuroticism": 0.1127239242196083,
      "conscientiousness-extraversion": 0.015085451304912567,
      "conscientiousness-agreeableness": 0.02061065472662449,
      "conscientiousness-neuroticism": 0.09755486994981766,
      "extraversion-agreeableness": 0.07521966844797134,
      "extraversion-neuroticism": 0.010077377781271935,
      "agreeableness-neuroticism": 0.14543849229812622
    }
  },
  "shuffle_baseline": {
    "mean": 0.12316575329750776,
    "std": 0.033539786092143954,
    "distribution": [
      0.13201692700386047,
      0.20689482986927032,
      0.1292225420475006,
      0.2080266922712326,
      0.166029691696167,
      0.052331965416669846,
      0.14413833618164062,
      0.20263496041297913,
      0.17049291729927063,
      0.14314046502113342,
      0.2491084635257721,
      0.18908163905143738,
      0.08975537121295929,
      0.13310863077640533,
      0.1403498649597168,
      0.12193582206964493,
      0.08249743282794952,
      0.1204998642206192,
      0.08294706046581268,
      0.1748197227716446,
      0.09692368656396866,
      0.0750230923295021,
      0.13784849643707275,
      0.14904063940048218,
      0.10880036652088165,
      0.13632522523403168,
      0.10618269443511963,
      0.1292724460363388,
      0.0851919874548912,
      0.08944753557443619,
      0.12471459805965424,
      0.13959671556949615,
      0.06537842750549316,
      0.1074725016951561,
      0.18807029724121094,
      0.15935225784778595,
      0.14389654994010925,
      0.12438758462667465,
      0.11320678144693375,
      0.10908367484807968,
      0.15219298005104065,
      0.14811348915100098,
      0.10437597334384918,
      0.09092523157596588,
      0.10335469245910645,
      0.11614837497472763,
      0.06866462528705597,
      0.11594017595052719,
      0.1104964017868042,
      0.08810572326183319,
      0.16944235563278198,
      0.13732941448688507,
      0.1009250059723854,
      0.10813144594430923,
      0.07428564131259918,
      0.12395332008600235,
      0.09181689471006393,
      0.14616265892982483,
      0.16171108186244965,
      0.13893112540245056,
      0.11781487613916397,
      0.1683078408241272,
      0.12475397437810898,
      0.18264013528823853,
      0.14977435767650604,
      0.10194064676761627,
      0.17100535333156586,
      0.15040092170238495,
      0.08955364674329758,
      0.10944299399852753,
      0.11594034731388092,
      0.10345999896526337,
      0.13358967006206512,
      0.22834940254688263,
      0.15856313705444336,
      0.06399041414260864,
      0.13293525576591492,
      0.142060324549675,
      0.15681162476539612,
      0.10281161218881607,
      0.16137675940990448,
      0.15275968611240387,
      0.10752048343420029,
      0.12755855917930603,
      0.10736902803182602,
      0.15808328986167908,
      0.10921689122915268,
      0.1533290147781372,
      0.1171080619096756,
      0.06279553472995758,
      0.13742277026176453,
      0.07545013725757599,
      0.12325762212276459,
      0.1558278352022171,
      0.16394585371017456,
      0.11916564404964447,
      0.12617890536785126,
      0.13966155052185059,
      0.16088110208511353,
      0.10486634075641632,
      0.12552928924560547,
      0.16556979715824127,
      0.1265076994895935,
      0.07304194569587708,
      0.1307184398174286,
      0.11994550377130508,
      0.15861959755420685,
      0.13279272615909576,
      0.11567933857440948,
      0.10508754104375839,
      0.097749724984169,
      0.1551773101091385,
      0.10776872932910919,
      0.07767730951309204,
      0.19941839575767517,
      0.1288839727640152,
      0.0567820779979229,
      0.07557956129312515,
      0.09698301553726196,
      0.0912308543920517,
      0.07122994214296341,
      0.10535989701747894,
      0.1260654777288437,
      0.1824255734682083,
      0.13199293613433838,
      0.08360910415649414,
      0.10038105398416519,
      0.1060796007514,
      0.0853954553604126,
      0.12532922625541687,
      0.13256612420082092,
      0.09773914515972137,
      0.12021467834711075,
      0.10882550477981567,
      0.11407317221164703,
      0.11889426410198212,
      0.0959242433309555,
      0.09327065944671631,
      0.11081323772668839,
      0.11896028369665146,
      0.058742694556713104,
      0.11296846717596054,
      0.1245311051607132,
      0.12577667832374573,
      0.09213922917842865,
      0.11348266899585724,
      0.08885754644870758,
      0.11337937414646149,
      0.10888578742742538,
      0.06431630253791809,
      0.12134281545877457,
      0.12471723556518555,
      0.2018355429172516,
      0.09376199543476105,
      0.12730571627616882,
      0.08934503048658371,
      0.12324534356594086,
      0.09537119418382645,
      0.1380799412727356,
      0.13349522650241852,
      0.11199913918972015,
      0.10435410588979721,
      0.09484180063009262,
      0.14907845854759216,
      0.12559404969215393,
      0.11629847437143326,
      0.1436038762331009,
      0.12038446962833405,
      0.11734692007303238,
      0.1144472137093544,
      0.11266355216503143,
      0.09902804344892502,
      0.09574256837368011,
      0.16401073336601257,
      0.1028149351477623,
      0.08677373826503754,
      0.1687687188386917,
      0.11260267347097397,
      0.1289309412240982,
      0.10312698036432266,
      0.10368180274963379,
      0.13081946969032288,
      0.07185348123311996,
      0.15583868324756622,
      0.1660710871219635,
      0.1788422167301178,
      0.11091555655002594,
      0.17431268095970154,
      0.1409820169210434,
      0.07471126317977905,
      0.12231341749429703,
      0.17497245967388153,
      0.1330258548259735,
      0.09987040609121323,
      0.12001015990972519,
      0.08899669349193573,
      0.11920960992574692,
      0.09258969873189926,
      0.1264151930809021,
      0.10665823519229889
    ]
  },
  "statistics": {
    "t_stat": 9.643592378201692,
    "p_value": 2.6691073600713273e-18,
    "effect_size_cohen_d": 0.6836161385464997,
    "pct_shuffle_exceeds_genuine": 76.5
  },
  "interpretation": "GENUINE_STRUCTURE"
}