{
  "model": "/data0/shizitong/models/Phi3-mini-128k-instruct",
  "layer": 8,
  "n_permutations": 100,
  "genuine_big5": {
    "mean_off_diagonal": 0.12981754541397095,
    "std_off_diagonal": 0.092017263174057,
    "pair_sims": {
      "openness-conscientiousness": 0.07610668241977692,
      "openness-extraversion": 0.2987220585346222,
      "openness-agreeableness": 0.06826374679803848,
      "openness-neuroticism": 0.185224249958992,
      "conscientiousness-extraversion": 0.12337850034236908,
      "conscientiousness-agreeableness": 0.005992470774799585,
      "conscientiousness-neuroticism": 0.06358405947685242,
      "extraversion-agreeableness": 0.19346386194229126,
      "extraversion-neuroticism": 0.24732345342636108,
      "agreeableness-neuroticism": 0.036116279661655426
    }
  },
  "shuffle_baseline": {
    "mean": 0.18489911928772926,
    "std": 0.05058255731817018,
    "distribution": [
      0.21712705492973328,
      0.14487242698669434,
      0.08243564516305923,
      0.23806941509246826,
      0.13130661845207214,
      0.1615157574415207,
      0.24641624093055725,
      0.2143591344356537,
      0.16764628887176514,
      0.23268119990825653,
      0.20648911595344543,
      0.1848609447479248,
      0.1917218267917633,
      0.22023716568946838,
      0.12975278496742249,
      0.16165167093276978,
      0.1708468794822693,
      0.2156241238117218,
      0.11818645894527435,
      0.10406063497066498,
      0.20501823723316193,
      0.2053135186433792,
      0.13212889432907104,
      0.23051615059375763,
      0.17494671046733856,
      0.1797502040863037,
      0.24049849808216095,
      0.12763434648513794,
      0.09918995201587677,
      0.15540556609630585,
      0.24521324038505554,
      0.24030932784080505,
      0.14256949722766876,
      0.14993733167648315,
      0.1779390573501587,
      0.2844124138355255,
      0.14453503489494324,
      0.17073826491832733,
      0.22793953120708466,
      0.301221638917923,
      0.26313233375549316,
      0.14877605438232422,
      0.13644786179065704,
      0.20299093425273895,
      0.12266059964895248,
      0.16278691589832306,
      0.17166057229042053,
      0.19211609661579132,
      0.17023012042045593,
      0.17296242713928223,
      0.22203917801380157,
      0.13254684209823608,
      0.14562615752220154,
      0.21162423491477966,
      0.163937047123909,
      0.15129896998405457,
      0.18465377390384674,
      0.21508541703224182,
      0.26743796467781067,
      0.14452573657035828,
      0.16986046731472015,
      0.1341351568698883,
      0.1957457810640335,
      0.28045564889907837,
      0.24388757348060608,
      0.21011868119239807,
      0.16945168375968933,
      0.23367753624916077,
      0.10245084762573242,
      0.18031102418899536,
      0.17758223414421082,
      0.2532024085521698,
      0.24356508255004883,
      0.1988409161567688,
      0.15893593430519104,
      0.24190792441368103,
      0.16847443580627441,
      0.23780088126659393,
      0.11783395707607269,
      0.309783011674881,
      0.21015040576457977,
      0.15355230867862701,
      0.1837439239025116,
      0.19040417671203613,
      0.14595927298069,
      0.35387709736824036,
      0.23943403363227844,
      0.18320384621620178,
      0.11187871545553207,
      0.16085024178028107,
      0.11877372115850449,
      0.11632988601922989,
      0.19351500272750854,
      0.177178293466568,
      0.13610807061195374,
      0.1800117790699005,
      0.21433225274085999,
      0.14127768576145172,
      0.10680820792913437,
      0.18688377737998962
    ]
  },
  "statistics": {
    "t_stat": 10.834856307425685,
    "p_value": 1.665571415220339e-18,
    "effect_size_cohen_d": 1.0889440311647325,
    "pct_shuffle_exceeds_genuine": 87.0
  },
  "interpretation": "GENUINE_STRUCTURE"
}