{
  "model": "/data0/shizitong/models/Llama-2-7b-chat-hf",
  "layer": 8,
  "n_permutations": 100,
  "genuine_big5": {
    "mean_off_diagonal": 0.13297882676124573,
    "std_off_diagonal": 0.10446710139513016,
    "pair_sims": {
      "openness-conscientiousness": 0.021062688902020454,
      "openness-extraversion": 0.30702048540115356,
      "openness-agreeableness": 0.21412616968154907,
      "openness-neuroticism": 0.1476939171552658,
      "conscientiousness-extraversion": 0.007414362858980894,
      "conscientiousness-agreeableness": 0.03966481611132622,
      "conscientiousness-neuroticism": 0.2526022493839264,
      "extraversion-agreeableness": 0.22554895281791687,
      "extraversion-neuroticism": 0.07626639306545258,
      "agreeableness-neuroticism": 0.03838822990655899
    }
  },
  "shuffle_baseline": {
    "mean": 0.1442143353074789,
    "std": 0.041709432568194094,
    "distribution": [
      0.14127996563911438,
      0.0814545750617981,
      0.06727056950330734,
      0.14669857919216156,
      0.07222751528024673,
      0.09487112611532211,
      0.16006214916706085,
      0.229319766163826,
      0.15452131628990173,
      0.11229690164327621,
      0.1850208342075348,
      0.10125915706157684,
      0.1633458435535431,
      0.1297025829553604,
      0.12118017673492432,
      0.17084987461566925,
      0.07391976565122604,
      0.15985342860221863,
      0.10998409986495972,
      0.0859668105840683,
      0.1208539828658104,
      0.11275283247232437,
      0.15176814794540405,
      0.1434461623430252,
      0.14784052968025208,
      0.11701800674200058,
      0.21563296020030975,
      0.10638298094272614,
      0.11243544518947601,
      0.14303246140480042,
      0.198554128408432,
      0.15699303150177002,
      0.11938782781362534,
      0.158974289894104,
      0.1413571983575821,
      0.217841237783432,
      0.10254178196191788,
      0.14148302376270294,
      0.1446934938430786,
      0.15770801901817322,
      0.20783177018165588,
      0.13771192729473114,
      0.11145313829183578,
      0.15439923107624054,
      0.03980240970849991,
      0.14347048103809357,
      0.20404407382011414,
      0.1491568684577942,
      0.11097922176122665,
      0.15010973811149597,
      0.15540945529937744,
      0.09673287719488144,
      0.10612128674983978,
      0.13410110771656036,
      0.15222713351249695,
      0.16364547610282898,
      0.09747926890850067,
      0.1517229974269867,
      0.1651160567998886,
      0.1265200823545456,
      0.1734936684370041,
      0.16337963938713074,
      0.21201804280281067,
      0.14126437902450562,
      0.19186559319496155,
      0.1463901400566101,
      0.12000056356191635,
      0.11742310225963593,
      0.11586147546768188,
      0.20817196369171143,
      0.17245718836784363,
      0.1550055891275406,
      0.16959886252880096,
      0.1636624038219452,
      0.22432121634483337,
      0.19997654855251312,
      0.10947181284427643,
      0.2114168107509613,
      0.1255422979593277,
      0.2588544487953186,
      0.18232811987400055,
      0.11006631702184677,
      0.1262572705745697,
      0.18296915292739868,
      0.1476716250181198,
      0.22505196928977966,
      0.19465181231498718,
      0.13436341285705566,
      0.08790235221385956,
      0.10905782878398895,
      0.1287861168384552,
      0.13720592856407166,
      0.11333747208118439,
      0.10211750119924545,
      0.10680346190929413,
      0.19559095799922943,
      0.13407930731773376,
      0.1358819156885147,
      0.049348801374435425,
      0.2079692780971527
    ]
  },
  "statistics": {
    "t_stat": 2.6802546006178143,
    "p_value": 0.008617870689802482,
    "effect_size_cohen_d": 0.26937572280787964,
    "pct_shuffle_exceeds_genuine": 61.0
  },
  "interpretation": "GENUINE_STRUCTURE"
}