{
  "null_attributes": {
    "names": [
      "fruit_preference",
      "writing_style",
      "time_preference",
      "pet_preference",
      "season_preference"
    ],
    "similarity_matrix": [
      [
        1.0,
        0.11364733688157916,
        -0.09816256224805091,
        0.11206786406772663,
        -0.18580401253014775
      ],
      [
        0.11364733688157916,
        0.9999999999999998,
        -0.10524906258449543,
        0.1962518016161684,
        -0.15848011427961714
      ],
      [
        -0.09816256224805091,
        -0.10524906258449543,
        1.0000000000000002,
        -0.23786389338213898,
        0.02375278550038129
      ],
      [
        0.11206786406772663,
        0.1962518016161684,
        -0.23786389338213898,
        0.9999999999999996,
        -0.21520726563318388
      ],
      [
        -0.18580401253014775,
        -0.15848011427961714,
        0.02375278550038129,
        -0.21520726563318388,
        1.0000000000000004
      ]
    ],
    "off_diagonal": {
      "mean": 0.14464866987234895,
      "std": 0.06210252916574443,
      "max": 0.23786389338213898,
      "min": 0.02375278550038129,
      "values": [
        0.11364733688157916,
        0.09816256224805091,
        0.11206786406772663,
        0.18580401253014775,
        0.10524906258449543,
        0.1962518016161684,
        0.15848011427961714,
        0.23786389338213898,
        0.02375278550038129,
        0.21520726563318388
      ]
    }
  },
  "big_five": {
    "names": [
      "openness",
      "conscientiousness",
      "extraversion",
      "agreeableness",
      "neuroticism"
    ],
    "similarity_matrix": [
      [
        0.9999998807907104,
        0.16680379211902618,
        0.43687260150909424,
        0.16237230598926544,
        -0.040001031011343
      ],
      [
        0.16680379211902618,
        1.000000238418579,
        0.21575555205345154,
        0.47480109333992004,
        -0.5289690494537354
      ],
      [
        0.43687260150909424,
        0.21575555205345154,
        1.0000003576278687,
        0.011392039246857166,
        -0.21681517362594604
      ],
      [
        0.16237230598926544,
        0.47480109333992004,
        0.011392039246857166,
        1.0000001192092896,
        -0.3102826476097107
      ],
      [
        -0.040001031011343,
        -0.5289690494537354,
        -0.21681517362594604,
        -0.3102826476097107,
        1.0
      ]
    ],
    "off_diagonal": {
      "mean": 0.2564065158367157,
      "std": 0.16864508390426636,
      "max": 0.5289690494537354,
      "min": 0.011392039246857166,
      "values": [
        0.16680379211902618,
        0.43687260150909424,
        0.16237230598926544,
        0.040001031011343,
        0.21575555205345154,
        0.47480109333992004,
        0.5289690494537354,
        0.011392039246857166,
        0.21681517362594604,
        0.3102826476097107
      ]
    }
  },
  "comparison": {
    "null_mean_off_diag": 0.14464866987234895,
    "b5_mean_off_diag": 0.2564065158367157,
    "ratio": 0.5641380420614975,
    "interpretation": "B5_HIGHER"
  }
}