{
  "null_attributes": {
    "names": [
      "fruit_preference",
      "writing_style",
      "time_preference",
      "pet_preference",
      "season_preference"
    ],
    "similarity_matrix": [
      [
        1.0000001192092896,
        0.03641475364565849,
        0.09243609011173248,
        0.0452759712934494,
        -0.10407734662294388
      ],
      [
        0.03641475364565849,
        1.0,
        -0.038557689636945724,
        -0.04418793320655823,
        -0.09311423450708389
      ],
      [
        0.09243609011173248,
        -0.038557689636945724,
        1.000000238418579,
        0.05322617292404175,
        0.007877332158386707
      ],
      [
        0.0452759712934494,
        -0.04418793320655823,
        0.05322617292404175,
        1.0000001192092896,
        0.0735405683517456
      ],
      [
        -0.10407734662294388,
        -0.09311423450708389,
        0.007877332158386707,
        0.0735405683517456,
        1.0
      ]
    ],
    "off_diagonal": {
      "mean": 0.05887081101536751,
      "std": 0.029167743399739265,
      "max": 0.10407734662294388,
      "min": 0.007877332158386707,
      "values": [
        0.03641475364565849,
        0.09243609011173248,
        0.0452759712934494,
        0.10407734662294388,
        0.038557689636945724,
        0.04418793320655823,
        0.09311423450708389,
        0.05322617292404175,
        0.007877332158386707,
        0.0735405683517456
      ]
    }
  },
  "big_five": {
    "names": [
      "openness",
      "conscientiousness",
      "extraversion",
      "agreeableness",
      "neuroticism"
    ],
    "similarity_matrix": [
      [
        0.9999998807907104,
        0.22337323427200317,
        0.26818135380744934,
        -0.1773781180381775,
        0.36827507615089417
      ],
      [
        0.22337323427200317,
        0.9999999403953552,
        0.0789782851934433,
        -0.24345219135284424,
        0.2380436509847641
      ],
      [
        0.26818135380744934,
        0.0789782851934433,
        0.9999999403953552,
        -0.0494568794965744,
        0.10320939868688583
      ],
      [
        -0.1773781180381775,
        -0.24345219135284424,
        -0.0494568794965744,
        1.0,
        -0.10832206159830093
      ],
      [
        0.36827507615089417,
        0.2380436509847641,
        0.10320939868688583,
        -0.10832206159830093,
        0.9999999403953552
      ]
    ],
    "off_diagonal": {
      "mean": 0.18586702644824982,
      "std": 0.09510205686092377,
      "max": 0.36827507615089417,
      "min": 0.0494568794965744,
      "values": [
        0.22337323427200317,
        0.26818135380744934,
        0.1773781180381775,
        0.36827507615089417,
        0.0789782851934433,
        0.24345219135284424,
        0.2380436509847641,
        0.0494568794965744,
        0.10320939868688583,
        0.10832206159830093
      ]
    }
  },
  "comparison": {
    "null_mean_off_diag": 0.05887081101536751,
    "b5_mean_off_diag": 0.18586702644824982,
    "ratio": 0.3167361748270344,
    "interpretation": "B5_HIGHER"
  }
}