{
  "model": "Qwen/Qwen2.5-1.5B-Instruct",
  "layer": 1,
  "n_permutations": 100,
  "genuine_big5": {
    "mean_off_diagonal": 0.18586702644824982,
    "std_off_diagonal": 0.09510205686092377,
    "pair_sims": {
      "openness-conscientiousness": 0.22337323427200317,
      "openness-extraversion": 0.26818135380744934,
      "openness-agreeableness": 0.1773781180381775,
      "openness-neuroticism": 0.36827507615089417,
      "conscientiousness-extraversion": 0.0789782851934433,
      "conscientiousness-agreeableness": 0.24345219135284424,
      "conscientiousness-neuroticism": 0.2380436509847641,
      "extraversion-agreeableness": 0.0494568794965744,
      "extraversion-neuroticism": 0.10320939868688583,
      "agreeableness-neuroticism": 0.10832206159830093
    }
  },
  "shuffle_baseline": {
    "mean": 0.22026288151741027,
    "std": 0.07444931258345962,
    "distribution": [
      0.13039356470108032,
      0.2946697473526001,
      0.13031253218650818,
      0.29629626870155334,
      0.14409926533699036,
      0.14115910232067108,
      0.2463783323764801,
      0.3602076768875122,
      0.19732289016246796,
      0.1784350574016571,
      0.30848169326782227,
      0.2672402858734131,
      0.21193115413188934,
      0.2000718116760254,
      0.1483616828918457,
      0.2576030194759369,
      0.13311372697353363,
      0.20160312950611115,
      0.1772165298461914,
      0.14534702897071838,
      0.17121157050132751,
      0.10422731935977936,
      0.2340940684080124,
      0.15136730670928955,
      0.3624648451805115,
      0.24803254008293152,
      0.24358823895454407,
      0.09743204712867737,
      0.13580569624900818,
      0.2220042496919632,
      0.3387089669704437,
      0.17281265556812286,
      0.21886709332466125,
      0.14984482526779175,
      0.20901894569396973,
      0.24485039710998535,
      0.11816643178462982,
      0.2765485942363739,
      0.25759202241897583,
      0.23040273785591125,
      0.381016343832016,
      0.2913789749145508,
      0.2181713581085205,
      0.28572899103164673,
      0.13806279003620148,
      0.21773333847522736,
      0.18650127947330475,
      0.2628399729728699,
      0.11545727401971817,
      0.2554040253162384,
      0.31833434104919434,
      0.19189487397670746,
      0.15690279006958008,
      0.13892483711242676,
      0.20387086272239685,
      0.2106616497039795,
      0.1646278202533722,
      0.12261762470006943,
      0.42111533880233765,
      0.23482215404510498,
      0.14152581989765167,
      0.16492801904678345,
      0.2676768898963928,
      0.22085344791412354,
      0.17316168546676636,
      0.2779216170310974,
      0.19304993748664856,
      0.16145621240139008,
      0.2205173224210739,
      0.3417208790779114,
      0.1428789496421814,
      0.3109894394874573,
      0.3896253705024719,
      0.1996334195137024,
      0.27145570516586304,
      0.3499016761779785,
      0.24780626595020294,
      0.2498205006122589,
      0.15801775455474854,
      0.3572685718536377,
      0.22891728579998016,
      0.22246995568275452,
      0.17530980706214905,
      0.3267938494682312,
      0.2853793203830719,
      0.31757840514183044,
      0.33823785185813904,
      0.22897641360759735,
      0.11040407419204712,
      0.16922920942306519,
      0.19056910276412964,
      0.20596882700920105,
      0.14498281478881836,
      0.12346768379211426,
      0.11650872230529785,
      0.34321141242980957,
      0.2058851271867752,
      0.20779471099376678,
      0.14843812584877014,
      0.22260427474975586
    ]
  },
  "statistics": {
    "t_stat": 4.596878398842075,
    "p_value": 1.2679544732776798e-05,
    "effect_size_cohen_d": 0.4620036622922448,
    "pct_shuffle_exceeds_genuine": 64.0
  },
  "interpretation": "GENUINE_STRUCTURE"
}