{
  "n": 420,
  "pearson_r": 0.7334773880657263,
  "pearson_p": 4.3365107617289383e-72,
  "spearman_r": 0.7314288921660159,
  "spearman_p": 1.6826414759778071e-71,
  "exact_agreement": 0.3380952380952381,
  "within_1": 0.9142857142857143,
  "mae": 0.7595238095238095
}