{
  "model": "Qwen/Qwen3-0.6B",
  "layer": 2,
  "n_permutations": 100,
  "genuine_big5": {
    "mean_off_diagonal": 0.149193674325943,
    "std_off_diagonal": 0.09788388758897781,
    "pair_sims": {
      "openness-conscientiousness": 0.07554841041564941,
      "openness-extraversion": 0.3605492413043976,
      "openness-agreeableness": 0.0706925168633461,
      "openness-neuroticism": 0.30320191383361816,
      "conscientiousness-extraversion": 0.08740412443876266,
      "conscientiousness-agreeableness": 0.12697985768318176,
      "conscientiousness-neuroticism": 0.054370783269405365,
      "extraversion-agreeableness": 0.12358660995960236,
      "extraversion-neuroticism": 0.11447258293628693,
      "agreeableness-neuroticism": 0.17513059079647064
    }
  },
  "shuffle_baseline": {
    "mean": 0.18477172315120696,
    "std": 0.060260297855322456,
    "distribution": [
      0.08137516677379608,
      0.23968073725700378,
      0.1460699737071991,
      0.10287420451641083,
      0.24864372611045837,
      0.21948084235191345,
      0.12339264154434204,
      0.2221263349056244,
      0.165643572807312,
      0.1093541830778122,
      0.16466686129570007,
      0.21876852214336395,
      0.2985607981681824,
      0.08317264169454575,
      0.15420858561992645,
      0.17190411686897278,
      0.26873910427093506,
      0.10207229852676392,
      0.2282712459564209,
      0.17020979523658752,
      0.1696431189775467,
      0.1473785638809204,
      0.19617001712322235,
      0.14557698369026184,
      0.2086651623249054,
      0.14145901799201965,
      0.1886083036661148,
      0.17369745671749115,
      0.26528552174568176,
      0.10243811458349228,
      0.16529422998428345,
      0.17105455696582794,
      0.1587619036436081,
      0.16346614062786102,
      0.14877063035964966,
      0.18968160450458527,
      0.1211252436041832,
      0.10106617212295532,
      0.1224263459444046,
      0.10578484833240509,
      0.15009796619415283,
      0.10766322910785675,
      0.14852111041545868,
      0.17114275693893433,
      0.22876253724098206,
      0.15237441658973694,
      0.18525756895542145,
      0.14712658524513245,
      0.2865538001060486,
      0.34940576553344727,
      0.16759175062179565,
      0.2610483765602112,
      0.25460946559906006,
      0.14872045814990997,
      0.22605004906654358,
      0.1552552878856659,
      0.13974009454250336,
      0.12689438462257385,
      0.20180216431617737,
      0.22960737347602844,
      0.2633364498615265,
      0.1975807398557663,
      0.19734549522399902,
      0.15606296062469482,
      0.24699647724628448,
      0.2589060068130493,
      0.16006669402122498,
      0.2707584500312805,
      0.2848778963088989,
      0.20916080474853516,
      0.17838028073310852,
      0.16121961176395416,
      0.28747624158859253,
      0.13674220442771912,
      0.2023272067308426,
      0.41936883330345154,
      0.22150059044361115,
      0.21115294098854065,
      0.13173843920230865,
      0.23188674449920654,
      0.16236571967601776,
      0.1896251142024994,
      0.15118728578090668,
      0.1323404163122177,
      0.17162494361400604,
      0.263550728559494,
      0.08634184300899506,
      0.14920692145824432,
      0.3153284788131714,
      0.15114162862300873,
      0.15218518674373627,
      0.15234340727329254,
      0.22163693606853485,
      0.1834634691476822,
      0.11639120429754257,
      0.24095949530601501,
      0.12358272075653076,
      0.18768519163131714,
      0.16911651194095612,
      0.18641561269760132
    ]
  },
  "statistics": {
    "t_stat": 5.874466751374832,
    "p_value": 5.706218510743427e-08,
    "effect_size_cohen_d": 0.5904061229516666,
    "pct_shuffle_exceeds_genuine": 72.0
  },
  "interpretation": "GENUINE_STRUCTURE"
}