{
  "conscientiousness": {
    "mean": [
      0.11114846095442772,
      0.11114846095442772,
      0.11114846095442772,
      0.11114846095442772,
      0.11114846095442772,
      0.11114846095442772,
      0.11114846095442772,
      0.11114846095442772,
      0.11114846095442772,
      0.11114846095442772,
      0.11114846095442772,
      0.11114846095442772,
      0.11114846095442772,
      0.11114846095442772,
      0.11114846095442772,
      0.11114846095442772,
      0.11114846095442772,
      0.11114846095442772,
      0.11114846095442772,
      0.11114846095442772,
      0.11114846095442772,
      0.11114846095442772,
      0.11114846095442772,
      0.11114846095442772
    ],
    "std": [
      0.06686192916795142,
      0.06686192916795142,
      0.06686192916795142,
      0.06686192916795142,
      0.06686192916795142,
      0.06686192916795142,
      0.06686192916795142,
      0.06686192916795142,
      0.06686192916795142,
      0.06686192916795142,
      0.06686192916795142,
      0.06686192916795142,
      0.06686192916795142,
      0.06686192916795142,
      0.06686192916795142,
      0.06686192916795142,
      0.06686192916795142,
      0.06686192916795142,
      0.06686192916795142,
      0.06686192916795142,
      0.06686192916795142,
      0.06686192916795142,
      0.06686192916795142,
      0.06686192916795142
    ]
  }
}