{
  "model": "TinyLlama/TinyLlama-1.1B-Chat-v1.0",
  "layer": 13,
  "n_permutations": 100,
  "genuine_big5": {
    "mean_off_diagonal": 0.3463643491268158,
    "std_off_diagonal": 0.15854263305664062,
    "pair_sims": {
      "openness-conscientiousness": 0.2779052257537842,
      "openness-extraversion": 0.51285719871521,
      "openness-agreeableness": 0.18192410469055176,
      "openness-neuroticism": 0.07643281668424606,
      "conscientiousness-extraversion": 0.42946657538414,
      "conscientiousness-agreeableness": 0.5406312942504883,
      "conscientiousness-neuroticism": 0.5110743045806885,
      "extraversion-agreeableness": 0.27632012963294983,
      "extraversion-neuroticism": 0.1840701699256897,
      "agreeableness-neuroticism": 0.472961962223053
    }
  },
  "shuffle_baseline": {
    "mean": 0.16754775620996953,
    "std": 0.04424539061684356,
    "distribution": [
      0.17507685720920563,
      0.2800240218639374,
      0.12765009701251984,
      0.19659128785133362,
      0.2351156771183014,
      0.07795906066894531,
      0.1607505977153778,
      0.19933824241161346,
      0.2352454960346222,
      0.2165064513683319,
      0.25222015380859375,
      0.18199694156646729,
      0.24600882828235626,
      0.2152327299118042,
      0.2228134423494339,
      0.12473636865615845,
      0.1328813135623932,
      0.1500692069530487,
      0.14425523579120636,
      0.18037787079811096,
      0.10649935156106949,
      0.15758052468299866,
      0.18591120839118958,
      0.1493021547794342,
      0.17389139533042908,
      0.18880417943000793,
      0.1728852540254593,
      0.13503019511699677,
      0.14204265177249908,
      0.10806722939014435,
      0.14129573106765747,
      0.12805472314357758,
      0.11943237483501434,
      0.16520673036575317,
      0.1697457730770111,
      0.17085349559783936,
      0.10288476943969727,
      0.18099255859851837,
      0.13261182606220245,
      0.12529125809669495,
      0.21706843376159668,
      0.22892096638679504,
      0.14269590377807617,
      0.20283889770507812,
      0.12601546943187714,
      0.16510474681854248,
      0.09282532334327698,
      0.14468461275100708,
      0.12395258247852325,
      0.1670452058315277,
      0.14588411152362823,
      0.17446884512901306,
      0.09625549614429474,
      0.1033751592040062,
      0.06855221092700958,
      0.20466932654380798,
      0.12146522849798203,
      0.1787463128566742,
      0.22860057651996613,
      0.14449647068977356,
      0.1187024712562561,
      0.2171473503112793,
      0.17231285572052002,
      0.23371808230876923,
      0.18175771832466125,
      0.20005759596824646,
      0.20531567931175232,
      0.21784083545207977,
      0.11749818176031113,
      0.15867379307746887,
      0.21752707660198212,
      0.10408152639865875,
      0.2417190819978714,
      0.21479158103466034,
      0.23797960579395294,
      0.11061286926269531,
      0.19469210505485535,
      0.18708033859729767,
      0.1930798590183258,
      0.14061060547828674,
      0.2628762125968933,
      0.15519818663597107,
      0.1458357274532318,
      0.13387790322303772,
      0.20207646489143372,
      0.15213577449321747,
      0.1254809945821762,
      0.18530090153217316,
      0.13575483858585358,
      0.11855485290288925,
      0.17350921034812927,
      0.1733030378818512,
      0.09224455058574677,
      0.14526472985744476,
      0.1785835176706314,
      0.17986522614955902,
      0.1503896862268448,
      0.20597095787525177,
      0.2058793604373932,
      0.17857512831687927
    ]
  },
  "statistics": {
    "t_stat": -40.21215792605955,
    "p_value": 3.8974625550990104e-63,
    "effect_size_cohen_d": -4.041473934795187,
    "pct_shuffle_exceeds_genuine": 0.0
  },
  "interpretation": "INCONCLUSIVE"
}