{
  "model": "unsloth/Llama-3.2-1B-Instruct",
  "layer": 6,
  "n_permutations": 100,
  "genuine_big5": {
    "mean_off_diagonal": 0.1760929673910141,
    "std_off_diagonal": 0.13247238099575043,
    "pair_sims": {
      "openness-conscientiousness": 0.014446254819631577,
      "openness-extraversion": 0.38700488209724426,
      "openness-agreeableness": 0.1036636233329773,
      "openness-neuroticism": 0.0649215579032898,
      "conscientiousness-extraversion": 0.17410218715667725,
      "conscientiousness-agreeableness": 0.3087359666824341,
      "conscientiousness-neuroticism": 0.35096222162246704,
      "extraversion-agreeableness": 0.03300683572888374,
      "extraversion-neuroticism": 0.0665840357542038,
      "agreeableness-neuroticism": 0.2575022280216217
    }
  },
  "shuffle_baseline": {
    "mean": 0.13486507769674064,
    "std": 0.036819293728322065,
    "distribution": [
      0.139400452375412,
      0.20245735347270966,
      0.11823070049285889,
      0.13182373344898224,
      0.2553017735481262,
      0.07560776174068451,
      0.1290207803249359,
      0.2094462662935257,
      0.1447272151708603,
      0.18976417183876038,
      0.19593141973018646,
      0.18054041266441345,
      0.15540696680545807,
      0.12973764538764954,
      0.12184470891952515,
      0.1248311847448349,
      0.15239445865154266,
      0.1361123025417328,
      0.09663949906826019,
      0.1431417167186737,
      0.08339311182498932,
      0.13397063314914703,
      0.08633168786764145,
      0.18961116671562195,
      0.11041668802499771,
      0.1310882270336151,
      0.11421763896942139,
      0.10063071548938751,
      0.08711950480937958,
      0.09718264639377594,
      0.0940292626619339,
      0.15562771260738373,
      0.11474915593862534,
      0.14527444541454315,
      0.14476267993450165,
      0.14040711522102356,
      0.09017714112997055,
      0.10446052253246307,
      0.2116272896528244,
      0.1472850739955902,
      0.1301981508731842,
      0.19975997507572174,
      0.13104769587516785,
      0.15402266383171082,
      0.08687879890203476,
      0.135752871632576,
      0.15283600986003876,
      0.13598838448524475,
      0.13500869274139404,
      0.1404847949743271,
      0.12967658042907715,
      0.11986235529184341,
      0.07041605561971664,
      0.1676776260137558,
      0.08293846994638443,
      0.12245666980743408,
      0.06723949313163757,
      0.16147926449775696,
      0.13906137645244598,
      0.12033937871456146,
      0.11675574630498886,
      0.136215478181839,
      0.11367525160312653,
      0.2463340014219284,
      0.14153443276882172,
      0.18029703199863434,
      0.1369391232728958,
      0.16395129263401031,
      0.07432716339826584,
      0.09659907966852188,
      0.14728780090808868,
      0.053755003958940506,
      0.155315563082695,
      0.1908552199602127,
      0.12572486698627472,
      0.10351864993572235,
      0.14757302403450012,
      0.09488199651241302,
      0.1425585150718689,
      0.13332951068878174,
      0.1483183205127716,
      0.13910633325576782,
      0.1014600396156311,
      0.12084764242172241,
      0.17556966841220856,
      0.09754586964845657,
      0.12815141677856445,
      0.15874215960502625,
      0.1252415031194687,
      0.09941832721233368,
      0.16903714835643768,
      0.13330508768558502,
      0.10628731548786163,
      0.11347559839487076,
      0.15519185364246368,
      0.18033887445926666,
      0.15019197762012482,
      0.16681340336799622,
      0.12242920696735382,
      0.09575901925563812
    ]
  },
  "statistics": {
    "t_stat": -11.141232802264566,
    "p_value": 3.6108398940813065e-19,
    "effect_size_cohen_d": -1.1197360274578132,
    "pct_shuffle_exceeds_genuine": 13.0
  },
  "interpretation": "INCONCLUSIVE"
}