{
  "null_attributes": {
    "names": [
      "fruit_preference",
      "writing_style",
      "time_preference",
      "pet_preference",
      "season_preference"
    ],
    "similarity_matrix": [
      [
        1.000000238418579,
        -0.06090700998902321,
        -0.06847905367612839,
        -0.22906652092933655,
        -0.08299747109413147
      ],
      [
        -0.06090700998902321,
        1.0,
        -0.016355926170945168,
        0.005299853160977364,
        -0.042820610105991364
      ],
      [
        -0.06847905367612839,
        -0.016355926170945168,
        0.9999997615814209,
        -0.002129792235791683,
        -0.046862099319696426
      ],
      [
        -0.22906652092933655,
        0.005299853160977364,
        -0.002129792235791683,
        0.9999996423721313,
        -0.014211218804121017
      ],
      [
        -0.08299747109413147,
        -0.042820610105991364,
        -0.046862099319696426,
        -0.014211218804121017,
        1.0000004768371582
      ]
    ],
    "off_diagonal": {
      "mean": 0.05691295862197876,
      "std": 0.06316645443439484,
      "max": 0.22906652092933655,
      "min": 0.002129792235791683,
      "values": [
        0.06090700998902321,
        0.06847905367612839,
        0.22906652092933655,
        0.08299747109413147,
        0.016355926170945168,
        0.005299853160977364,
        0.042820610105991364,
        0.002129792235791683,
        0.046862099319696426,
        0.014211218804121017
      ]
    }
  },
  "big_five": {
    "names": [
      "openness",
      "conscientiousness",
      "extraversion",
      "agreeableness",
      "neuroticism"
    ],
    "similarity_matrix": [
      [
        0.9999996423721313,
        0.06194377318024635,
        0.48728010058403015,
        0.09071482717990875,
        0.3480343818664551
      ],
      [
        0.06194377318024635,
        1.000000238418579,
        -0.08963768184185028,
        -0.3442555367946625,
        0.1788388043642044
      ],
      [
        0.48728010058403015,
        -0.08963768184185028,
        1.000000238418579,
        0.2395305335521698,
        0.1957463026046753
      ],
      [
        0.09071482717990875,
        -0.3442555367946625,
        0.2395305335521698,
        1.0000001192092896,
        -0.03222338482737541
      ],
      [
        0.3480343818664551,
        0.1788388043642044,
        0.1957463026046753,
        -0.03222338482737541,
        1.0000003576278687
      ]
    ],
    "off_diagonal": {
      "mean": 0.2068205624818802,
      "std": 0.14076527953147888,
      "max": 0.48728010058403015,
      "min": 0.03222338482737541,
      "values": [
        0.06194377318024635,
        0.48728010058403015,
        0.09071482717990875,
        0.3480343818664551,
        0.08963768184185028,
        0.3442555367946625,
        0.1788388043642044,
        0.2395305335521698,
        0.1957463026046753,
        0.03222338482737541
      ]
    }
  },
  "comparison": {
    "null_mean_off_diag": 0.05691295862197876,
    "b5_mean_off_diag": 0.2068205624818802,
    "ratio": 0.27518036848704025,
    "interpretation": "B5_HIGHER"
  }
}