{
  "null_attributes": {
    "names": [
      "fruit_preference",
      "writing_style",
      "time_preference",
      "pet_preference",
      "season_preference"
    ],
    "similarity_matrix": [
      [
        0.9999999999999998,
        0.057252117241342486,
        0.04316260372314383,
        0.12684671123535496,
        -0.1417555730868125
      ],
      [
        0.057252117241342486,
        0.9999999999999997,
        -0.04324280163340294,
        0.04468248856938717,
        -0.07284201904981931
      ],
      [
        0.04316260372314383,
        -0.04324280163340294,
        0.9999999999999997,
        -0.00987246396373555,
        -0.14499162252879985
      ],
      [
        0.12684671123535496,
        0.04468248856938717,
        -0.00987246396373555,
        1.0000000000000007,
        0.08213834928133287
      ],
      [
        -0.1417555730868125,
        -0.07284201904981931,
        -0.14499162252879985,
        0.08213834928133287,
        0.9999999999999999
      ]
    ],
    "off_diagonal": {
      "mean": 0.07667867503131315,
      "std": 0.04423632317860679,
      "max": 0.14499162252879985,
      "min": 0.00987246396373555,
      "values": [
        0.057252117241342486,
        0.04316260372314383,
        0.12684671123535496,
        0.1417555730868125,
        0.04324280163340294,
        0.04468248856938717,
        0.07284201904981931,
        0.00987246396373555,
        0.14499162252879985,
        0.08213834928133287
      ]
    }
  },
  "big_five": {
    "names": [
      "openness",
      "conscientiousness",
      "extraversion",
      "agreeableness",
      "neuroticism"
    ],
    "similarity_matrix": [
      [
        0.9999998807907104,
        0.2779052257537842,
        0.51285719871521,
        0.18192410469055176,
        -0.07643281668424606
      ],
      [
        0.2779052257537842,
        1.0000001192092896,
        0.42946657538414,
        0.5406312942504883,
        -0.5110743045806885
      ],
      [
        0.51285719871521,
        0.42946657538414,
        0.9999999403953552,
        0.27632012963294983,
        -0.1840701699256897
      ],
      [
        0.18192410469055176,
        0.5406312942504883,
        0.27632012963294983,
        0.9999997615814209,
        -0.472961962223053
      ],
      [
        -0.07643281668424606,
        -0.5110743045806885,
        -0.1840701699256897,
        -0.472961962223053,
        1.0
      ]
    ],
    "off_diagonal": {
      "mean": 0.3463643491268158,
      "std": 0.15854263305664062,
      "max": 0.5406312942504883,
      "min": 0.07643281668424606,
      "values": [
        0.2779052257537842,
        0.51285719871521,
        0.18192410469055176,
        0.07643281668424606,
        0.42946657538414,
        0.5406312942504883,
        0.5110743045806885,
        0.27632012963294983,
        0.1840701699256897,
        0.472961962223053
      ]
    }
  },
  "comparison": {
    "null_mean_off_diag": 0.07667867503131315,
    "b5_mean_off_diag": 0.3463643491268158,
    "ratio": 0.22138154576959743,
    "interpretation": "B5_HIGHER"
  }
}